word,counting
carbono,2769
mercado,1696
creditos,1250
emissoes,916
brasil,843
projetos,605
credito,583
empresas,567
pais,402
meio,385
setor,338
empresa,332
desenvolvimento,325
ambiental,325
desmatamento,317
gases,310
milhoes,310
areas,298
amazonia,296
reducao,287
energia,285
paises,284
acordo,275
efeito,273
estufa,268
emissao,257
regulado,257
nacional,247
economia,245
florestas,242
lei,241
floresta,239
mundo,239
global,231
verde,229
valor,228
area,224
ambiente,217
voluntario,212
sistema,210
transicao,210
ambientais,209
maior,207
comunidades,206
geracao,202
climaticas,201
climatica,201
metas,201
producao,197
recursos,194
indigenas,192
potencial,191
clima,186
sustentavel,185
mudancas,184
investimentos,179
acoes,177
banco,176
setores,174
plano,172
brasileiro,171
texto,167
conservacao,165
sustentabilidade,163
grande,163
regulamentacao,163
florestal,161
atividades,158
mercados,156
bilhoes,155
preservacao,154
reduzir,154
solucoes,154
biodiversidade,153
criacao,152
hectares,151
agenda,150
internacional,149
proposta,147
servicos,145
cop,144
industria,143
compensar,143
politicas,141
ativos,138
grandes,137
toneladas,137
gente,136
nova,134
gas,131
terras,131
processo,129
politica,129
natureza,129
congresso,129
presidente,128
publicas,128
compra,127
sustentaveis,127
agora,126
financiamento,126
regulacao,126
compensacao,125
ministerio,125
brasileira,125
estado,124
federal,124
tema,124
povos,123
mudanca,122
impacto,121
senado,121
importante,121
programa,120
descarbonizacao,120
produtos,119
gerar,118
venda,117
regras,116
energetica,116
comercio,115
dentro,113
regiao,112
atmosfera,109
terra,109
investimento,109
criar,109
novo,109
protecao,108
modelo,107
esg,106
tecnologia,106
agronegocio,105
precisa,105
quanto,104
fazenda,104
objetivo,104
paris,103
fundo,103
negocios,103
meta,102
agricultura,101
camara,101
gestao,99
tempo,99
possivel,98
internacionais,98
estudo,98
gerados,97
tradicionais,97
relacao,96
iniciativas,96
comercializacao,96
zero,95
primeiro,95
pl,94
preciso,94
grupo,94
decreto,94
aumento,94
iniciativa,93
prazo,93
produtores,92
baixo,92
medida,89
mundial,89
lula,89
titulos,89
gee,88
legal,87
parceria,87
publico,87
direito,87
demanda,87
combustiveis,87
novas,86
medidas,86
praticas,86
social,86
executivo,86
tonelada,85
diretor,85
principais,84
comprar,84
biomas,83
marco,83
investidores,83
pessoas,82
financeiro,82
mecanismos,82
ponto,81
estados,81
instituto,81
trabalho,81
propostas,80
economico,80
atividade,80
capital,80
oportunidades,80
clientes,80
precisam,79
restauracao,79
sociedade,79
futuro,79
custo,78
estrategia,78
base,78
possibilidade,78
fontes,78
agro,77
participacao,77
inclusive,77
contratos,77
instrumentos,76
direitos,76
qualidade,76
plataforma,76
negociacao,75
preco,75
carbon,75
dados,74
passado,74
momento,74
discussao,74
durante,73
privado,73
primeira,72
garantir,72
economica,72
principal,72
explica,72
existe,72
artigo,72
acesso,71
necessario,71
florestais,71
relatorio,71
territorio,70
interesse,70
carbonext,70
negociacoes,70
melhor,70
oportunidade,69
mata,69
governanca,69
verdes,69
renovavel,69
certificados,69
hidrogenio,68
pratica,68
financeiros,68
tecnologias,68
rio,68
frente,68
controle,67
mecanismo,67
expectativa,67
uniao,67
implementacao,66
papel,66
seguranca,65
crescimento,64
consultoria,64
sentido,64
integridade,64
governos,63
responsavel,63
preve,63
certificacao,63
conforme,63
antes,63
publica,63
novos,63
equivalente,63
recuperacao,62
pe,62
risco,62
lado,62
ministro,62
ativo,62
final,62
limite,62
agropecuaria,61
combate,61
unidades,61
redd,61
legislacao,61
muitas,61
reflorestamento,61
bioeconomia,61
foco,61
mitigacao,61
pauta,61
crise,60
informacoes,60
ilegal,60
europeia,60
entidades,60
captura,60
companhia,60
dinheiro,59
acao,59
pesquisa,59
vida,59
aprovacao,59
cadeia,59
destaca,58
condicoes,58
organizacoes,58
comissao,58
ajudar,58
compromisso,58
evento,58
capacidade,58
baseadas,58
orgao,58
escala,58
locais,58
receita,58
necessidade,57
pagamento,57
planos,57
principalmente,57
silva,57
quantidade,57
chegar,57
nota,57
juridica,57
caminho,57
estabelecer,57
varios,57
operacoes,57
quer,57
inovacao,57
companhias,57
valores,56
manejo,56
propria,56
proximos,56
fundos,56
renovaveis,56
estar,55
cinco,55
toda,55
paulo,55
reservas,55
total,55
questoes,55
custos,55
economicos,55
resultados,55
arvores,55
conselho,55
documento,54
ultimos,54
atual,54
alta,54
brasileiros,54
desenvolver,54
poluicao,54
processos,54
janeiro,54
bioma,53
territorios,53
diferentes,53
marina,53
fundamental,53
construcao,53
exploracao,53
termos,53
beneficios,53
fosseis,53
instrumento,53
tornar,53
pouco,52
naturais,52
maiores,52
apoio,52
existem,52
residuos,52
solo,52
poder,52
ceo,52
conferencia,51
impactos,51
metodologia,51
inicio,51
algo,51
boa,51
onu,51
vender,51
contribuir,50
local,50
problema,50
produto,50
vista,50
aprovado,50
renda,50
precos,50
metano,50
negocio,50
combustivel,50
reserva,49
pontos,49
concessao,49
vale,49
verra,49
china,49
ingles,49
consulta,48
incentivos,48
maneira,48
operacao,48
definicao,48
bndes,48
petrobras,48
america,48
chamado,47
agua,47
campo,47
novembro,47
estudos,47
contra,47
entidade,47
vezes,47
volume,47
defende,46
emitidos,46
tecnica,46
sociais,46
atualmente,46
discussoes,46
importantes,46
assunto,46
ambito,46
desafio,46
evitar,46
poderao,46
remocao,46
brasileiras,45
poluentes,45
embora,45
visao,45
quatro,45
nacoes,45
cumprir,45
debate,45
analise,45
importancia,45
cebds,45
programas,44
pt,44
aponta,44
solucao,44
diversos,44
sistemas,44
ecologica,44
parecer,44
periodo,44
desafios,44
precificacao,44
emitir,43
rurais,43
junto,43
nacionais,43
metodologias,43
globais,43
organizacao,43
avancar,43
elaboracao,43
temas,43
geral,43
leila,43
tramitacao,43
estimular,42
apresentar,42
bolsonaro,42
decisao,42
monitoramento,42
cenario,42
aquecimento,42
atlantica,42
financiar,42
consumo,42
fonte,42
associacao,42
licencas,42
cumprimento,42
startup,42
acima,42
pegada,42
investir,41
inclui,41
pretende,41
contrato,41
pecuaria,41
bolsa,41
avanco,41
conjunto,41
registro,41
casa,41
oferta,41
mp,41
transparencia,41
compensacoes,41
participar,41
instituicoes,41
proprietarios,40
formas,40
populacoes,40
parcerias,40
representa,40
nativa,40
servico,40
preocupacao,40
civil,40
mineracao,40
estabelece,40
riscos,40
central,40
chamada,40
indigena,40
esforcos,40
regulados,40
limpa,40
regioes,39
amazonica,39
degradacao,39
climaticos,39
significa,39
passo,39
carbonico,39
deputados,39
semana,39
latina,39
reuniao,39
propriedades,38
respeito,38
efeitos,38
diante,38
real,38
nivel,38
proprio,38
atrair,38
menor,38
energias,38
sul,38
limites,38
bancos,38
oleo,38
colocar,38
dioxido,38
industrias,38
europa,38
proteger,37
fase,37
muitos,37
unidos,37
climatico,37
reforma,37
etanol,37
criterios,37
casos,37
aquisicao,37
advogados,37
pressao,36
degradadas,36
rural,36
adocao,36
incentivo,36
alimentos,36
livre,36
sbce,36
reducoes,36
segmento,36
empresarial,36
tributaria,36
eficiencia,36
plantio,36
aumentar,35
estrategias,35
haddad,35
avaliacao,35
liderancas,35
obrigacao,35
dias,35
ajuda,35
modo,35
nativas,35
agencia,35
especial,35
tokens,35
manutencao,34
trazer,34
atraves,34
planeta,34
teto,34
produtor,34
nada,34
ferramenta,34
circular,34
diretamente,34
prioridade,34
alcancar,34
transacoes,34
claro,34
recente,34
produzir,34
concessoes,34
senadora,34
instituicao,34
socio,34
green,34
autoridade,34
aplicacao,33
justica,33
realidade,33
representantes,33
relacoes,33
pib,33
razao,33
baixa,33
imposto,33
and,33
espaco,33
problemas,33
numero,33
havia,33
envolve,32
acre,32
ganhar,32
regular,32
transformacao,32
unidas,32
luiz,32
especialista,32
alternativas,32
combater,32
responsaveis,32
publicos,32
ganhos,32
relacionados,32
agentes,32
portanto,32
trade,32
cap,32
trabalhar,32
inclusao,32
bilhao,32
alto,32
blockchain,32
token,32
objetivos,31
pagar,31
maioria,31
estrutura,31
promover,31
tecnicas,31
especies,31
decadas,31
recentemente,31
privadas,31
transporte,31
milhao,31
barros,31
depende,31
natural,31
alianca,31
folha,31
cotas,31
biocombustiveis,31
tokenizacao,31
future,31
ampliar,30
desta,30
nenhum,30
movimentos,30
ampla,30
realizada,30
mes,30
cerrado,30
madeira,30
incluir,30
presente,30
enorme,30
comunidade,30
taxa,30
previsao,30
eletrica,30
neutralidade,30
atores,30
relatora,30
lugar,30
net,30
movimento,30
painel,30
maximo,30
mpf,30
populacao,29
primeiros,29
sim,29
trabalha,29
necessaria,29
entendimento,29
extrativistas,29
diversas,29
vegetacao,29
privada,29
centro,29
tecnico,29
comecar,29
crescente,29
tecnicos,29
rede,29
modelos,29
fundacao,29
voluntarios,29
codigo,29
privados,29
legais,29
relevante,29
financas,29
adaptacao,29
positivo,29
funai,29
leis,28
intencao,28
contexto,28
informacao,28
fortalecimento,28
estimativa,28
professor,28
receber,28
avalia,28
socioambiental,28
saneamento,28
comenta,28
deputado,28
setoriais,28
funcionamento,28
cadeias,28
poluir,28
seguir,28
proximas,28
fernando,28
europeu,28
materia,28
certificadora,28
cni,28
danos,27
sequestro,27
ecossistemas,27
convencao,27
incentivar,27
unica,27
tratamento,27
fomentar,27
incluindo,27
aprovar,27
mudas,27
posicao,27
algum,27
secretario,27
dezembro,27
diminuir,27
estatal,27
eolica,27
consumidor,27
estima,27
produtividade,27
ambipar,27
poderiam,26
fortalecer,26
regulamenta,26
integracao,26
egito,26
entrada,26
aspectos,26
preservar,26
decada,26
propriedade,26
ausencia,26
reais,26
usar,26
cbios,26
solar,26
estabelecido,26
acordos,26
taxonomia,26
permissoes,26
expansao,26
socioambientais,26
minas,26
substitutivo,26
titulo,26
cvm,26
parametros,26
waycarbon,26
atender,25
chamados,25
nenhuma,25
norte,25
ferramentas,25
ministerios,25
unidade,25
resultado,25
responsabilidade,25
saude,25
desenvolvidos,25
reguladas,25
presenca,25
associados,25
industrial,25
formacao,25
torno,25
diretora,25
pessoa,25
pasta,25
offshore,25
financeiras,25
padroes,25
potencia,24
lider,24
tropicais,24
equipe,24
politico,24
internacionalmente,24
realizar,24
considerando,24
estabelecimento,24
cidade,24
cooperacao,24
disponivel,24
estruturacao,24
reportagem,24
criada,24
atuacao,24
empreendimentos,24
direcao,24
bom,24
eficiente,24
comprando,24
inacio,24
nbs,24
financeira,24
buscar,24
conhecimento,24
itau,24
competitividade,24
media,24
avaliar,24
observa,24
destaque,23
pagamentos,23
economicas,23
troca,23
parque,23
quartafeira,23
ambicao,23
familias,23
perda,23
dificil,23
imagem,23
orgaos,23
solidos,23
veiculos,23
realizado,23
ministra,23
criado,23
coisa,23
reunioes,23
contribuicao,23
plantas,23
negociados,23
abordagem,23
obrigacoes,23
bancada,23
protocolo,23
verificacao,23
melhores,23
normas,23
nesses,23
negociar,23
grupos,23
distribuicao,23
reune,23
diretrizes,23
agosto,23
advogada,23
comite,23
equivale,23
standard,23
parceiros,23
digitais,23
propoe,22
acelerar,22
jair,22
mostrou,22
gestor,22
agricolas,22
devera,22
certificadoras,22
pesquisadores,22
suficiente,22
participou,22
evitado,22
pesquisas,22
avancos,22
tendo,22
animais,22
vantagens,22
reciclagem,22
provenientes,22
defesa,22
atencao,22
parlamentar,22
bases,22
transacao,22
emite,22
experiencia,22
previa,22
possibilidades,22
compradores,22
produtivo,22
pdtdf,22
eolicas,22
previsto,22
escritorio,22
bens,22
esforco,22
exterior,22
desenvolvido,22
safra,22
emitida,22
lira,22
impulsionar,21
define,21
aguas,21
acontecendo,21
resposta,21
proximo,21
lancamento,21
garantia,21
rodrigo,21
credibilidade,21
substituicao,21
preservadas,21
especie,21
diferente,21
vendidos,21
padilha,21
ndc,21
geram,21
regulatorio,21
usados,21
educacao,21
zerar,21
ambientalistas,21
origem,21
dado,21
joao,21
exige,21
transformar,21
acrescenta,21
biomassa,21
capitais,21
inventario,21
passos,20
passar,20
ecossistema,20
geralmente,20
tendencia,20
representam,20
realizacao,20
padrao,20
ciclo,20
crescer,20
urgencia,20
encontro,20
eua,20
recebeu,20
decisoes,20
secretaria,20
voluntaria,20
aprovada,20
gerou,20
criou,20
guedes,20
certo,20
causa,20
prioridades,20
levantamento,20
estoque,20
regeneracao,20
alocacao,20
reconhecimento,20
comercializar,20
agricola,20
tocantins,20
ciencia,20
retorno,20
essencial,20
apresenta,20
curto,20
receitas,20
juros,20
mckinsey,20
considerados,20
atuam,20
bb,20
kayapos,20
destinados,20
socia,20
evolucao,20
imoveis,19
termo,19
alcance,19
estadual,19
grosso,19
fomento,19
talvez,19
protagonismo,19
aproveitar,19
pantanal,19
perdas,19
urgente,19
destruicao,19
aproximadamente,19
boas,19
alimentar,19
estrategico,19
universidade,19
anterior,19
provisoria,19
aprovou,19
versao,19
ruralista,19
principio,19
envolvidos,19
renovabio,19
ar,19
glasgow,19
lideranca,19
usado,19
fiscais,19
executiva,19
apresentado,19
oliveira,19
textos,19
coordenador,19
digital,19
necessarias,19
selo,19
viabilizar,19
conteudo,19
taxacao,19
instalacoes,19
relatorios,19
compliance,19
moss,19
agropecuario,19
neutro,19
fornecedores,19
discurso,18
situacao,18
taxas,18
mato,18
dificuldade,18
advogado,18
empregos,18
representante,18
fronteira,18
rastreabilidade,18
proxima,18
embrapa,18
existentes,18
territoriais,18
discutir,18
extracao,18
fundiaria,18
contabilidade,18
povo,18
emitido,18
utilizados,18
lidar,18
procedimentos,18
promocao,18
quilombolas,18
efetiva,18
conceito,18
orcamento,18
anunciou,18
destacou,18
beneficio,18
mdic,18
rollemberg,18
diferenca,18
discutido,18
oficial,18
cota,18
soja,18
comecou,18
adquirir,18
menores,18
mobiliarios,18
associacoes,18
matriz,18
greenwashing,18
feitos,18
produtiva,18
conter,18
biofilica,18
ganho,18
fiscal,18
armazenamento,18
regime,18
tecnologica,18
kayapo,18
tributacao,18
relevantes,18
mdl,18
identificar,18
mensuracao,17
gado,17
adotar,17
disponiveis,17
promessas,17
humanos,17
haver,17
pesquisador,17
comando,17
enfrentamento,17
pedido,17
dificuldades,17
indonesia,17
promove,17
jose,17
turismo,17
diversidade,17
completa,17
melhorar,17
conflitos,17
pequenos,17
municipio,17
cientistas,17
fatores,17
divulgado,17
empresarios,17
marcelo,17
distribuidoras,17
perspectiva,17
ideal,17
mitigar,17
aposta,17
economicamente,17
recurso,17
referencia,17
industriais,17
minuta,17
santander,17
regra,17
historico,17
permitir,17
adicionalidade,17
estaduais,17
eletricos,17
adicional,17
interno,17
globalmente,17
andamento,16
captacao,16
arcabouco,16
atuais,16
produtivas,16
devemos,16
mudar,16
amazonas,16
garimpo,16
cultura,16
preservada,16
patrimonio,16
insumos,16
regulamentar,16
comunicacao,16
regional,16
consequencias,16
fazendas,16
cliente,16
impostos,16
administracao,16
restaurar,16
organizado,16
elementos,16
liquidas,16
cma,16
alexandre,16
justamente,16
emissores,16
votacao,16
rapida,16
consenso,16
licenciamento,16
belem,16
lucro,16
plantar,16
regenerativa,16
reforca,16
baseado,16
manaus,16
tradicional,16
populares,16
corte,16
constituicao,16
envolvendo,16
legislativo,16
eventos,16
norma,16
cortar,16
positiva,16
the,16
gasolina,16
neutralizar,16
baseada,16
cafe,16
certificado,16
economias,16
climate,16
remocoes,16
bruto,16
aldeias,16
passivo,16
autorizacao,16
cpr,16
governador,15
especifico,15
inicial,15
castro,15
luta,15
original,15
cooperativas,15
semestre,15
enfrentar,15
agricultores,15
dono,15
abaixo,15
oferece,15
car,15
baseados,15
extremamente,15
dizem,15
evitadas,15
registros,15
apresentou,15
experiencias,15
deveria,15
bloco,15
salvaguardas,15
publicado,15
assinado,15
interessados,15
kyoto,15
carla,15
determinada,15
jornal,15
fiscalizacao,15
criticas,15
sugestoes,15
gastos,15
operacionalizacao,15
comerciais,15
apresentacao,15
operar,15
determinados,15
fertilizantes,15
produzido,15
ligados,15
subsidios,15
vendidas,15
portfolio,15
comercial,15
utilizacao,15
fisicas,15
ndcs,15
doadores,15
pastagens,15
criptoativos,15
orizon,15
btg,15
procedimento,15
saf,15
estimativas,15
estoques,15
regula,15
marketplace,15
ecossistemicos,14
balanco,14
queimadas,14
emprego,14
ricos,14
watanabe,14
agrotoxicos,14
tecnologico,14
dinamica,14
liderar,14
alteracoes,14
respostas,14
potenciais,14
corresponde,14
republica,14
implantacao,14
forca,14
aspecto,14
cidades,14
lixo,14
sede,14
alteracao,14
maria,14
resistencia,14
regularizacao,14
entorno,14
mma,14
recomendacoes,14
mulheres,14
comercializados,14
emendas,14
institucionais,14
academia,14
funcionar,14
reduz,14
segmentos,14
cooperativa,14
campos,14
tropical,14
interior,14
unfccc,14
divida,14
plataformas,14
clausulas,14
debates,14
necessarios,14
emitem,14
quimica,14
demandas,14
advocacia,14
facilitar,14
vendido,14
publicacao,14
ue,14
liquido,14
cana,14
requisitos,14
ajustes,14
cargo,14
permanente,14
ilegais,14
destravar,14
carvao,14
relator,14
garimpos,14
vicepresidente,14
alckmin,14
multas,14
faturamento,14
gerado,14
protegidas,13
anteriores,13
entrevista,13
insercao,13
disputa,13
governamentais,13
lideres,13
arvore,13
lancado,13
carlos,13
essenciais,13
cobertura,13
investindo,13
olhando,13
caatinga,13
commodities,13
matas,13
monitorar,13
logistica,13
estruturas,13
alerta,13
originarios,13
filho,13
carteira,13
expresidente,13
restante,13
exigencias,13
necessidades,13
integral,13
publicada,13
offset,13
projecoes,13
comparacao,13
confianca,13
pandemia,13
assedio,13
popular,13
equipamentos,13
sabemos,13
expandir,13
franca,13
fundamentais,13
acessivel,13
cadastro,13
crescendo,13
pedro,13
queima,13
legado,13
carros,13
regulador,13
limpas,13
complexidade,13
confederacao,13
capitulo,13
materiaprima,13
usinas,13
excedente,13
fluxo,13
aporte,13
estruturar,13
natura,13
vantagem,13
suzano,13
icc,13
regreen,13
objeto,13
fossil,13
descarbonizar,13
emitam,13
prepara,13
desenvolvedores,13
frentes,13
remuneracao,13
aviacao,13
despesas,13
dubai,13
comprometeu,13
agfor,13
excedentes,12
usa,12
individuos,12
independentes,12
icmbio,12
caixa,12
exclusao,12
interessadas,12
fornecer,12
congo,12
desmatar,12
chuvas,12
determinado,12
valorizacao,12
senadores,12
trabalhadores,12
trabalhando,12
comprados,12
existir,12
permitindo,12
cimento,12
comercializado,12
revisao,12
percepcao,12
duvida,12
empreendimento,12
pautas,12
agendas,12
domestico,12
soberania,12
contribuicoes,12
necessariamente,12
causadores,12
corporacoes,12
planejamento,12
ibama,12
fornecimento,12
rapidamente,12
tramita,12
pequenas,12
interessante,12
inicialmente,12
hora,12
consolidacao,12
grilagem,12
parques,12
continuidade,12
consideram,12
emergencia,12
miranda,12
produz,12
beneficiar,12
intervencao,12
extra,12
tecnologicas,12
europeus,12
negociado,12
usina,12
superior,12
ribeiro,12
votorantim,12
auditoria,12
acessar,12
gerada,12
consumidores,12
ressaltou,12
atracao,12
planta,12
capturar,12
cbam,12
altera,12
juridicas,12
piloto,12
rota,12
trading,12
setorial,12
classificacao,12
abrangente,12
jornada,12
neutralizacao,12
nasdaq,12
executivos,12
corrupcao,12
trabalhos,11
parceiro,11
desmatadas,11
reflorestar,11
amapa,11
poluidores,11
parcela,11
governadores,11
ecologico,11
primaria,11
costa,11
efetivas,11
amazonicos,11
chico,11
mendes,11
efetivamente,11
implementado,11
comercializa,11
claras,11
group,11
podendo,11
desempenho,11
coleta,11
ong,11
americano,11
soberana,11
sudeste,11
antigo,11
integra,11
inseguranca,11
regulamentado,11
chave,11
plenario,11
elaborado,11
engajar,11
vende,11
abertura,11
prazos,11
contas,11
interna,11
reduzindo,11
performance,11
nacionalmente,11
inteligente,11
mobilidade,11
informada,11
composta,11
auxiliar,11
sementes,11
participantes,11
contato,11
profissional,11
curso,11
campanha,11
ampliacao,11
nordeste,11
estrangeiros,11
comprometimento,11
atraso,11
corporativa,11
litio,11
parlamentares,11
tramitam,11
federais,11
osorio,11
fgv,11
instalacao,11
reforcar,11
pastas,11
resolucao,11
motta,11
previsibilidade,11
proporcao,11
vendas,11
interministerial,11
ricardo,11
pobres,11
questionamentos,11
pilares,11
votar,11
articulacao,11
plantadas,11
compartilhamento,11
barreiras,11
assinatura,11
regulamentacoes,11
custa,11
complementar,11
onibus,11
competitivo,11
substituir,11
machado,11
hectare,11
construir,11
futuras,11
multa,11
forever,11
socios,11
dubeux,11
senador,11
luciana,11
rodrigues,11
competente,11
trajetoria,11
stakeholders,11
bc,11
ambify,11
contabeis,11
startups,11
avancando,10
adotada,10
olho,10
regionais,10
amaral,10
estabelecida,10
captar,10
indicadores,10
citando,10
preocupacoes,10
utilizada,10
anualmente,10
retomada,10
emissor,10
definidas,10
equilibrio,10
tratado,10
divulgacao,10
propor,10
contratacao,10
ecoturismo,10
funcionam,10
cuja,10
estabeleceu,10
urbanos,10
melhoria,10
obras,10
prevista,10
enviado,10
donos,10
lucros,10
familia,10
documentos,10
proprietario,10
chamar,10
retirar,10
contagem,10
rol,10
municipios,10
pac,10
marca,10
remunerar,10
extensao,10
colombia,10
lastro,10
majoritariamente,10
projecao,10
alguem,10
estara,10
confiavel,10
trabalham,10
nasceu,10
colocado,10
estabelecidos,10
ali,10
inteiro,10
volta,10
zambelli,10
colocam,10
entende,10
definido,10
investirem,10
eficientes,10
chama,10
simultaneamente,10
mostram,10
carta,10
transnacionais,10
desmatamentos,10
capaz,10
petista,10
estrategica,10
partido,10
eleito,10
especificas,10
entendemos,10
obrigatoria,10
irao,10
melhora,10
face,10
defendeu,10
presidencia,10
fortemente,10
assessor,10
entes,10
mapear,10
limpo,10
relevancia,10
enfrenta,10
agente,10
externo,10
determina,10
emirados,10
arabes,10
oriundos,10
tornando,10
beneficiam,10
ganham,10
titularidade,10
metros,10
g,10
finance,10
incertezas,10
deputada,10
premium,10
york,10
diesel,10
obrigadas,10
trimestre,10
futuros,10
dito,10
concentra,10
pede,10
eletrico,10
levado,10
verified,10
bacia,10
transportes,10
patamar,10
canassa,10
precisara,10
profissionais,10
exportacoes,10
foruns,10
seguro,10
regulatorias,10
bilaterais,10
mesa,10
romeiro,10
ajuste,10
absorcao,10
reflete,10
offsets,10
clareza,10
contrapartida,10
tributarios,10
estrangeiras,10
lista,10
investidor,10
associado,10
frota,10
cobranca,10
crucial,10
associadas,10
exclusividade,10
membros,10
soberanos,10
fique,10
fonseca,10
amazon,10
comprou,10
envira,10
renovacao,10
inventarios,10
operadores,10
aterros,10
reconhecido,10
gestora,10
ontem,10
rodada,10
fabio,10
netzero,10
combinacao,10
fundador,10
paralelo,10
ucs,10
contabil,10
aceleracao,10
data,10
milho,10
vcm,10
carbonplace,10
mvc,10
reitera,10
coinlivre,10
desenvolvidas,9
ocupa,9
tenta,9
apresentam,9
estocagem,9
ampliando,9
euros,9
estarem,9
sinal,9
classe,9
diretas,9
estimulo,9
jovens,9
complexo,9
cientifico,9
calculos,9
amplo,9
fara,9
promete,9
cupula,9
livro,9
fernanda,9
leite,9
atratividade,9
moeda,9
africa,9
contribuindo,9
coalizao,9
oito,9
reforcou,9
remanescentes,9
ruim,9
associada,9
controlar,9
eliminar,9
existencia,9
incendios,9
pesquisadora,9
pacheco,9
pinheiro,9
pra,9
almeida,9
conseguimos,9
tomar,9
acompanhado,9
diminuicao,9
contabilizacao,9
relacionada,9
vinculados,9
peru,9
defendem,9
argumento,9
brasilia,9
exportacao,9
ministros,9
siderurgia,9
bater,9
ficaram,9
anunciado,9
utilizado,9
construido,9
consideracao,9
certas,9
falam,9
exportar,9
aumentando,9
energeticas,9
institucional,9
bahia,9
comprometidos,9
desigualdades,9
consultor,9
redes,9
guerra,9
corpo,9
afetadas,9
aumente,9
economista,9
conservar,9
particular,9
transparente,9
inumeras,9
tentando,9
seguindo,9
transferencia,9
item,9
relativos,9
servir,9
transferir,9
bebidas,9
pobreza,9
significativo,9
recebem,9
itens,9
pontua,9
autonomia,9
usadas,9
adesao,9
passiveis,9
neto,9
material,9
crime,9
rose,9
segundafeira,9
irregularidades,9
precisarao,9
incorporacao,9
parlamento,9
otimista,9
oposicao,9
sujeitas,9
lembrando,9
pouca,9
opera,9
moedas,9
ideias,9
similar,9
excecao,9
detalha,9
pediu,9
fortes,9
gasesestufa,9
caro,9
biodiesel,9
cbio,9
adicionais,9
comunicado,9
marketing,9
disponibilidade,9
lancar,9
montar,9
nature,9
processamento,9
lavouras,9
integrada,9
empresario,9
comuns,9
situacoes,9
chile,9
dallan,9
desenvolvedoras,9
comeca,9
usuarios,9
financiamentos,9
celulose,9
inedita,9
conversas,9
registrados,9
mexico,9
legislativa,9
biometano,9
efetividade,9
cientifica,9
head,9
viabilidade,9
desenvolve,9
assuntos,9
california,9
quinta,9
modalidade,9
garantias,9
representaria,9
dolar,9
liberacao,9
market,9
perder,9
reduzido,9
pronta,9
geraldo,9
distrato,9
validacao,9
acredito,9
referentes,9
assinou,9
bank,9
relatoria,9
citou,9
mapeamento,9
ajudando,9
energy,9
incorporar,9
diligence,9
padronizacao,9
bmv,9
estuda,9
suica,9
luxcs,9
fazemos,9
seeg,9
superintendente,9
postos,9
coe,9
of,9
futura,9
eletronico,9
diversificacao,9
independente,9
lembrou,9
rocha,9
bruno,9
geradores,9
international,9
based,9
biogas,9
tematica,9
capacitacao,9
cenarios,9
unibanco,9
mattos,9
minimizar,9
diferencial,9
liquidacao,9
bcg,9
colegiado,9
consiga,8
riqueza,8
amazonico,8
corrida,8
permita,8
alavancar,8
obtidos,8
adotadas,8
gestores,8
voltado,8
medios,8
valoracao,8
fauna,8
assumiu,8
nacao,8
estagio,8
participam,8
realiza,8
destas,8
desmatada,8
candidato,8
voltada,8
psa,8
perdeu,8
seculo,8
progresso,8
politicos,8
sociobiodiversidade,8
afinal,8
milhares,8
consideradas,8
elemento,8
parana,8
perde,8
rios,8
agropecuarias,8
hidricos,8
materiasprimas,8
derivados,8
fisica,8
bordon,8
missao,8
xapuri,8
antonio,8
vive,8
destinacao,8
palavra,8
defensoria,8
registrada,8
autoridades,8
criados,8
comprador,8
aldeia,8
incentiva,8
cima,8
financeiramente,8
estariam,8
especulacao,8
negociadas,8
semelhantes,8
leva,8
instancia,8
efetivo,8
noticia,8
saida,8
seguinte,8
zelandia,8
plantacao,8
quero,8
viagem,8
horas,8
mudou,8
esperado,8
eventualmente,8
disponibilizar,8
aconteceu,8
tributo,8
etapas,8
brechas,8
internos,8
periodos,8
possiveis,8
interesses,8
dizendo,8
recuperar,8
acabar,8
doacoes,8
complexos,8
climaticamente,8
eleitoral,8
minerais,8
humano,8
promovam,8
seca,8
corporativo,8
investido,8
parecem,8
vir,8
abordar,8
mercadante,8
ouro,8
recomposicao,8
canada,8
execucao,8
extremos,8
exigir,8
debatido,8
obtido,8
marajo,8
decidir,8
vulneraveis,8
aliado,8
voltar,8
concretas,8
divulgada,8
inserir,8
marcos,8
eucalipto,8
consiste,8
multilaterais,8
destacar,8
passageiros,8
mobilizar,8
revelou,8
violencia,8
palma,8
estabelecidas,8
aluminio,8
emitirem,8
reconhecida,8
prever,8
deloitte,8
polui,8
mbre,8
compensalas,8
favoraveis,8
adequar,8
abrir,8
vemos,8
urgentes,8
guarany,8
prevencao,8
fabrica,8
assumido,8
familiar,8
ameaca,8
diplomacia,8
pagina,8
indica,8
centrais,8
maturidade,8
sancoes,8
eventual,8
conversao,8
desenvolveu,8
recomendacao,8
fator,8
assessoria,8
porte,8
canaacucar,8
estipulado,8
administrativo,8
condicao,8
carga,8
afirmaram,8
escolha,8
online,8
internas,8
sucesso,8
assumir,8
mobilizacao,8
enfase,8
impede,8
verificar,8
premio,8
categoria,8
viveiros,8
informa,8
cujas,8
protagonista,8
satelite,8
david,8
pacto,8
pegadas,8
aplicativo,8
sinalizacao,8
abriu,8
gerem,8
firmar,8
robusto,8
poluente,8
engajamento,8
multilateral,8
barata,8
compram,8
percentual,8
entram,8
erro,8
tendencias,8
quilos,8
entregar,8
laboratorio,8
geradas,8
indices,8
eixo,8
brazil,8
tributarias,8
dispositivo,8
santa,8
reconhecidos,8
temperatura,8
composicao,8
pena,8
preliminar,8
tratativas,8
contemplar,8
escritorios,8
seletivo,8
universo,8
otimizar,8
prevendo,8
precise,8
mesmas,8
consultorias,8
atrelados,8
registrado,8
consequencia,8
numeros,8
testes,8
potencialmente,8
destes,8
elaborar,8
comparado,8
terco,8
emitiu,8
permitido,8
certificada,8
pronto,8
aya,8
cresceu,8
felipe,8
emitidas,8
kpmg,8
ferro,8
conhecidos,8
consolidada,8
primario,8
gol,8
valente,8
acionistas,8
carteiras,8
capandtrade,8
lastreados,8
cacau,8
des,8
ator,8
ccs,8
apresentadas,8
fc,8
aproveitamento,8
fiagros,8
gomes,8
meirelles,8
batmanian,8
estimado,7
acabam,7
explicar,7
luis,7
cresce,7
preservam,7
protegida,7
devastacao,7
primeiras,7
voltou,7
juridico,7
alinhados,7
shigueo,7
passaram,7
motivos,7
azul,7
lacunas,7
resex,7
entretanto,7
arranjos,7
vontade,7
virtual,7
sharm,7
exministro,7
negativa,7
responde,7
merece,7
ambientalmente,7
metodos,7
amadurecimento,7
semelhante,7
focar,7
biologica,7
encontra,7
simplesmente,7
desigualdade,7
zona,7
abrange,7
investe,7
particulares,7
modernizacao,7
discutindo,7
internet,7
investidos,7
adiante,7
operacionais,7
vendida,7
griladas,7
crimes,7
humanidade,7
reuniu,7
tereza,7
confiabilidade,7
seringueiros,7
moradores,7
investem,7
federacao,7
viver,7
seringal,7
consequentemente,7
pressoes,7
gustavo,7
judiciario,7
ambas,7
liderado,7
jurisdicional,7
presidencial,7
lima,7
significativa,7
constante,7
sos,7
analisados,7
praticamente,7
equivalentes,7
anunciados,7
provavelmente,7
ocorrido,7
autores,7
pergunta,7
vou,7
jeito,7
alias,7
pegar,7
manha,7
joaquim,7
afirmar,7
ongs,7
dao,7
tampouco,7
obrigatoriedade,7
novidade,7
regulatorios,7
especificos,7
infelizmente,7
financeirizacao,7
uber,7
estrategicos,7
colocando,7
centros,7
temporal,7
francisco,7
pensando,7
obstaculos,7
anunciada,7
elaborada,7
atingidos,7
afetados,7
presentes,7
historica,7
serio,7
peso,7
avancado,7
flora,7
palavras,7
utiliza,7
ocorra,7
ambientalista,7
vocacao,7
afetam,7
clara,7
atuando,7
tratou,7
obtenha,7
refere,7
atribuicao,7
submeter,7
comprometer,7
pressionar,7
complexa,7
democracia,7
colaborar,7
publicou,7
revelado,7
bioindustria,7
talanoa,7
editada,7
regulamento,7
aceitos,7
destino,7
cumprirem,7
espacos,7
implementadas,7
energetico,7
trocas,7
estimulando,7
cautela,7
getulio,7
vargas,7
vinculado,7
protegidos,7
poluidoras,7
terceiro,7
criptomoedas,7
ca,7
entregue,7
initiative,7
surui,7
concede,7
voluntarias,7
estabilidade,7
preparacao,7
remover,7
licenca,7
cripto,7
anp,7
inovacoes,7
independentemente,7
chance,7
investigacao,7
engenharia,7
bioenergia,7
estimulem,7
unir,7
juntar,7
provocado,7
equipes,7
especializada,7
agregacao,7
inclusivo,7
desenvolvida,7
ipe,7
ecologicas,7
environment,7
cofundador,7
caminha,7
janaina,7
paulista,7
lembrar,7
viaveis,7
reputacao,7
considerou,7
formulacao,7
prestacao,7
discutidos,7
abarca,7
noruega,7
esperam,7
montante,7
focada,7
viviane,7
obra,7
web,7
projeta,7
levantar,7
lugares,7
ambos,7
exportador,7
inteligencia,7
estabeleca,7
degradada,7
thiago,7
picolo,7
favoravel,7
comecam,7
fornecedor,7
obtencao,7
verificados,7
norteamericana,7
viana,7
estimar,7
fabricacao,7
aprofundar,7
estudando,7
futebol,7
ocorreu,7
concedidas,7
ajudou,7
edital,7
comentar,7
geracoes,7
mira,7
mechanism,7
gradual,7
adotado,7
pactual,7
alocar,7
evitam,7
mundurukus,7
integrante,7
procuradoria,7
apurou,7
tomada,7
citadas,7
procuradores,7
envolvam,7
distintos,7
cem,7
compartilhado,7
reduzidas,7
aval,7
larga,7
restricoes,7
informado,7
decorrentes,7
fundada,7
utilizadas,7
terceiros,7
intensivos,7
desmate,7
variam,7
predatoria,7
comprovar,7
sujeitos,7
americana,7
tokenizados,7
fpa,7
aplicado,7
adequada,7
arthur,7
audiencia,7
infralegal,7
desejam,7
endereco,7
gargalos,7
fases,7
gratuita,7
veiculo,7
software,7
conexao,7
glocal,7
experience,7
voluntariamente,7
aranha,7
hub,7
vegetal,7
originados,7
enxerga,7
tracao,7
coceo,7
conscientizacao,7
eletricidade,7
fluxos,7
tributario,7
altos,7
abfy,7
systemica,7
marinho,7
autarquia,7
sergio,7
cobeneficios,7
legislacoes,7
amaz,7
influenciar,7
consistente,7
caribe,7
google,7
reis,7
indice,7
biocombustivel,7
expertise,7
leaf,7
uisa,7
comecamos,7
fernandez,7
maranhao,7
mombak,7
macauba,7
conceitos,6
restringe,6
candidatos,6
estocado,6
alemanha,6
derrubada,6
reino,6
unido,6
elevados,6
daqui,6
agregar,6
lavoura,6
posicionamento,6
monetario,6
desconfianca,6
vasconcelos,6
impostas,6
russia,6
imprensa,6
eficaz,6
el,6
autor,6
geopolitica,6
apontado,6
elevada,6
estrategicas,6
alinhamento,6
naquela,6
pleito,6
sugestao,6
tentativa,6
detem,6
exclui,6
retomar,6
localizada,6
interessa,6
solos,6
agroflorestais,6
livres,6
pesca,6
reverter,6
seguira,6
incentivando,6
grave,6
incremento,6
vies,6
disputas,6
vindos,6
pasto,6
justificativa,6
feijo,6
motivo,6
fazendeiro,6
nazare,6
extrativista,6
relembra,6
naquele,6
mauro,6
sair,6
estradas,6
acompanha,6
vendo,6
preocupado,6
casas,6
metodo,6
emergentes,6
focados,6
coordenacao,6
negativo,6
estruturado,6
genetico,6
sancao,6
editais,6
maos,6
postura,6
ligada,6
integralmente,6
vivemos,6
abater,6
calcula,6
utilizam,6
mostraram,6
vendem,6
baixos,6
transparentes,6
nele,6
avancados,6
prejudicar,6
terminativo,6
apreciacao,6
frigorificos,6
tarde,6
aconteca,6
igual,6
existente,6
argumenta,6
mencao,6
inferior,6
composto,6
intensa,6
internamente,6
adotam,6
ambiciosa,6
aceitar,6
luz,6
querendo,6
mostrando,6
naturalmente,6
regulatoria,6
estruturais,6
movimentam,6
feminista,6
fome,6
alimentacao,6
alagoas,6
absorver,6
posso,6
avancada,6
abertas,6
leilao,6
claros,6
demandado,6
ribeirinhas,6
sofrendo,6
conversa,6
focado,6
prometeu,6
possivelmente,6
militares,6
australia,6
rica,6
inves,6
promovido,6
proibir,6
promotores,6
conferir,6
fazerem,6
destacam,6
divergencia,6
debatidas,6
violacao,6
onda,6
assinar,6
monetizar,6
regulamentada,6
obvio,6
liberar,6
votado,6
criticado,6
contrabando,6
corroborando,6
alterar,6
igualmente,6
avanca,6
organismos,6
niquel,6
falsas,6
assumindo,6
competencia,6
violacoes,6
aprimoramento,6
carbonos,6
adaptar,6
comerciantes,6
faccoes,6
perspectivas,6
bbf,6
tirar,6
proposto,6
estabelecera,6
definiu,6
credenciadas,6
participaram,6
comeco,6
janela,6
entrevistados,6
tramitando,6
prolo,6
definicoes,6
ilha,6
reparticao,6
positivos,6
altamente,6
aterro,6
imenso,6
espirito,6
criadas,6
optou,6
ponderou,6
signatarios,6
surgiu,6
medicao,6
surpresa,6
declara,6
sextafeira,6
preferencia,6
lados,6
fisico,6
comprado,6
inflacao,6
arabia,6
saudita,6
trabalhado,6
falamos,6
desenhar,6
institui,6
limita,6
jbs,6
ato,6
convergencia,6
discutida,6
concluiu,6
consultas,6
pequena,6
primavera,6
dezenas,6
sequestrar,6
raizen,6
imediato,6
eleicao,6
impacta,6
rastrear,6
competitivas,6
compras,6
tentam,6
apoiam,6
universidades,6
ingresso,6
desenvolvendo,6
envolvimento,6
jardim,6
ameacadas,6
enormes,6
contribui,6
liderada,6
formado,6
reuters,6
respondeu,6
atrelado,6
combina,6
pastos,6
ajudam,6
registra,6
culturas,6
degradados,6
votacoes,6
atualizar,6
reduzam,6
incluiu,6
direcionar,6
analises,6
promissor,6
tende,6
guilherme,6
lancada,6
desenvolvem,6
shell,6
company,6
papeis,6
visibilidade,6
abastecimento,6
sofrer,6
rotas,6
acelerado,6
dependera,6
priorizar,6
aplicacoes,6
superar,6
fmi,6
expressa,6
virar,6
consolidar,6
efetivacao,6
prates,6
varia,6
entendeu,6
dimensao,6
insumo,6
impulso,6
johannes,6
direcionados,6
aviao,6
aparece,6
identificacao,6
queiram,6
estimulos,6
bernardo,6
strassburg,6
rentavel,6
madeireiros,6
portavoz,6
compensem,6
recebiveis,6
xp,6
atualizacao,6
importacao,6
varejo,6
agostinho,6
incluida,6
vigentes,6
resultante,6
reduziu,6
contraria,6
bancario,6
externa,6
aderir,6
jurisdicoes,6
compensam,6
empresariais,6
penalidades,6
rentabilidade,6
geradora,6
apoia,6
absoluto,6
expressivo,6
passando,6
encaminhado,6
gabriel,6
municipal,6
garantida,6
onus,6
operacional,6
gigantes,6
planeja,6
coordenado,6
cobre,6
exigem,6
ora,6
ocasiao,6
determinadas,6
acompanhamento,6
lapola,6
elegivel,6
representar,6
pereira,6
governamental,6
terreno,6
previstos,6
quarta,6
iniciar,6
dependencia,6
conversar,6
possibilita,6
ia,6
atende,6
ruralistas,6
adaime,6
forest,6
aliel,6
expandindo,6
volumes,6
admite,6
petroleiras,6
progressos,6
tcoe,6
pusuru,6
orientacoes,6
definidos,6
sanitarios,6
residuo,6
allowances,6
citados,6
bioinsumos,6
asset,6
grossi,6
elevar,6
tigre,6
bond,6
nfts,6
cofundadora,6
transformacoes,6
solutions,6
leitura,6
levantou,6
minerio,6
lobby,6
itmos,6
bitcoin,6
pioneira,6
escopos,6
tribunal,6
concretos,6
domesticos,6
i,6
abc,6
toledo,6
modalidades,6
partners,6
cosmeticos,6
acreditamos,6
soares,6
contin,6
debentures,6
certamente,6
possamos,6
prioritarios,6
fotos,6
exatamente,6
contempla,6
adiciona,6
organizar,6
encaminhar,6
embalagens,6
raras,6
app,6
mapa,6
reproduza,6
aglibs,6
laser,6
libs,6
agrorobotica,6
amostras,6
matos,6
bba,6
ha,6
supervisor,6
leal,6
tolmasquim,6
abcripto,6
passivos,5
apps,5
elegiveis,5
declarou,5
paginas,5
adota,5
completo,5
tempos,5
afirmando,5
cuidar,5
amonia,5
compoem,5
primarias,5
multiplos,5
facil,5
fogo,5
exploradas,5
ultrapassar,5
registrar,5
todavia,5
mandato,5
completamente,5
jr,5
adianta,5
reconhece,5
debater,5
empreendedores,5
encaminhada,5
localizadas,5
mangue,5
questionado,5
legalmente,5
sheikh,5
ativamente,5
evidente,5
humana,5
estabelecendo,5
venezuela,5
abrem,5
pedir,5
atraindo,5
planetaria,5
acha,5
fornece,5
vital,5
critico,5
exportadores,5
erosao,5
moderno,5
ocupacao,5
nascentes,5
urbano,5
disposicao,5
defendido,5
ihp,5
solares,5
policia,5
militar,5
cancelamento,5
emprestimos,5
biden,5
negativos,5
prejuizos,5
cristina,5
ppms,5
lucas,5
fazendeiros,5
derrubar,5
intensidade,5
moraes,5
enviada,5
antigos,5
empates,5
pai,5
pinto,5
incra,5
deixando,5
audiencias,5
diferencas,5
vendendo,5
antiga,5
ocupam,5
leia,5
trocar,5
significativos,5
faca,5
novamente,5
analisada,5
preveem,5
lingua,5
puyanawa,5
daqueles,5
senso,5
precificar,5
consciencia,5
science,5
supostamente,5
conduzido,5
analisou,5
quantidades,5
compensadas,5
compativel,5
unanimidade,5
argumentos,5
achar,5
autoriza,5
parecido,5
provar,5
eleicoes,5
tramitar,5
trara,5
contemplados,5
ambiciosos,5
avaliou,5
funcionaria,5
confusao,5
regulada,5
forcar,5
estabelecem,5
desenhado,5
aquecido,5
virou,5
prestar,5
alinhada,5
harmonizacao,5
chamamos,5
nomes,5
ccb,5
cuidado,5
comunitario,5
barragens,5
agraria,5
titulacao,5
tese,5
implantar,5
iniciais,5
escolas,5
integrados,5
diminui,5
sujeito,5
ucrania,5
coordenada,5
perante,5
conjunta,5
preparar,5
asia,5
sachs,5
visita,5
sfb,5
ana,5
integrantes,5
defendemos,5
operacionalizar,5
publicamente,5
lucrativos,5
havendo,5
organizam,5
atrativo,5
alvos,5
oit,5
conhecidas,5
apresentaram,5
chegando,5
modos,5
portas,5
vejo,5
borges,5
destinadas,5
movimentacao,5
obviamente,5
verdadeiro,5
vigente,5
fintech,5
carro,5
cultivos,5
metais,5
conciliacao,5
grileiros,5
preocupa,5
denunciar,5
integrar,5
respeitando,5
gentes,5
escola,5
jovem,5
dialogos,5
distancia,5
conflito,5
monoculturas,5
negociada,5
ouvidos,5
cbes,5
excesso,5
verificada,5
submetido,5
fizeram,5
produzida,5
decretos,5
multinacionais,5
determinar,5
compreender,5
caminhar,5
juntas,5
tarefa,5
profunda,5
conhecemos,5
demonstra,5
territorial,5
fizer,5
demarcacao,5
instituir,5
sobreposicao,5
aplicadas,5
muda,5
questiona,5
alertas,5
produzidos,5
vegetais,5
urgentemente,5
provocam,5
atingiu,5
decorrente,5
subir,5
faltam,5
valorizar,5
chegue,5
mantendo,5
testada,5
semente,5
poucas,5
cortes,5
procura,5
especificidades,5
impoe,5
players,5
pensa,5
ronaldo,5
uerj,5
febraban,5
principios,5
pmr,5
veem,5
precisao,5
jargao,5
defender,5
assinaram,5
cotacao,5
emitindo,5
refletem,5
distribuidora,5
percentuais,5
pedidos,5
aquisicoes,5
aceita,5
respectivamente,5
correspondente,5
concorrentes,5
alegam,5
seguintes,5
falhas,5
branco,5
daria,5
resiliencia,5
promovendo,5
reaproveitamento,5
autorizado,5
evitando,5
transforma,5
pastagem,5
sofrem,5
covid,5
evidencias,5
desejo,5
mariano,5
partiu,5
ibge,5
acai,5
convencional,5
explorar,5
incipiente,5
referir,5
ficado,5
regenerar,5
transversal,5
corredores,5
environmental,5
vcs,5
prioritarias,5
totalizando,5
plinio,5
reforcando,5
retrocesso,5
lavourapecuariafloresta,5
altura,5
causam,5
mundiais,5
gold,5
programacao,5
escocia,5
compensa,5
gracas,5
produtora,5
dependente,5
serios,5
vapor,5
participante,5
indispensavel,5
posicoes,5
consorcio,5
socias,5
pilotos,5
imagens,5
quarto,5
atestar,5
graos,5
fiagro,5
aplicada,5
dialogar,5
negociadores,5
baseia,5
recebido,5
commodity,5
suprir,5
tradicionalmente,5
japao,5
convencaoquadro,5
estimula,5
confiaveis,5
medias,5
comecando,5
retornos,5
comprarem,5
externalidades,5
limitado,5
aproveitando,5
ambicioso,5
declaracao,5
levam,5
percebeu,5
cientista,5
absolutamente,5
descobrir,5
cair,5
artigos,5
movimentar,5
roberto,5
x,5
pondera,5
placas,5
plsp,5
fundadores,5
vinha,5
ze,5
vitor,5
diferentemente,5
demonstrou,5
frequentemente,5
dilma,5
londres,5
alimento,5
bradesco,5
gigante,5
contrarias,5
ferreira,5
sancionou,5
definia,5
promovem,5
conducao,5
argumentou,5
parcial,5
catarina,5
defensores,5
chamamento,5
robusta,5
border,5
adjustment,5
adquiridos,5
variar,5
sancionada,5
originacao,5
suspeitas,5
rigidos,5
garimpeiros,5
paiter,5
suruis,5
rondonia,5
localidades,5
ilusorias,5
definem,5
abusivas,5
representativas,5
selecionados,5
baseou,5
acompanhada,5
tesouro,5
restrito,5
assembleia,5
mt,5
argentina,5
avaliam,5
detalhado,5
criamos,5
planalto,5
pioneiro,5
inovadores,5
litoral,5
evitem,5
eficazes,5
ilegalidade,5
permissao,5
luciano,5
consultores,5
mencionar,5
ipcc,5
intergovernamental,5
s,5
qualificacao,5
compromete,5
washington,5
participado,5
vendedores,5
listagem,5
fragmentos,5
evitada,5
permanencia,5
verificadas,5
saldo,5
criticos,5
guardian,5
centenas,5
reunir,5
entrave,5
passara,5
conseguirem,5
cna,5
tributos,5
radar,5
chancela,5
gradualmente,5
tasso,5
ppal,5
reguladores,5
constantes,5
detalhamento,5
totais,5
rigor,5
lenha,5
eolicos,5
realizou,5
cujos,5
liquida,5
alinhado,5
quilometros,5
greene,5
percebemos,5
aceitou,5
efeitoestufa,5
ampliado,5
instalada,5
milton,5
reguladora,5
profundo,5
voo,5
proveniente,5
hidreletricas,5
oficiais,5
adquirido,5
esquema,5
protasio,5
jean,5
vidro,5
exercicio,5
investiu,5
financia,5
reputacional,5
apostar,5
neutra,5
ventures,5
patricia,5
acelerando,5
vimos,5
interessado,5
adquiriu,5
galindo,5
separar,5
referindo,5
surgem,5
leiloes,5
funcionarios,5
recorde,5
gigatoneladas,5
arbex,5
ante,5
cinza,5
correspondentes,5
movimentou,5
grau,5
digitalizacao,5
segura,5
regramento,5
diligencia,5
rabobank,5
aportar,5
dando,5
judiciais,5
supremo,5
stf,5
despesa,5
monetaria,5
comprometido,5
indicam,5
auditorias,5
leitao,5
criaria,5
focadas,5
proximidade,5
contribuem,5
aninhamento,5
biologicos,5
quimicos,5
obstaculo,5
salgado,5
prioritario,5
ccc,5
cpc,5
legitima,5
aceleradora,5
fixacao,5
reformas,5
regimes,5
sozinho,5
cristiana,5
nepomuceno,5
diferenciado,5
oficialmente,5
tozzinifreire,5
razoavel,5
bichara,5
mb,5
recebe,5
bala,5
prata,5
transferencias,5
extrato,5
kg,5
acabou,5
gfb,5
metrica,5
bonn,5
solida,5
participativo,5
eureciclo,5
morgan,5
gestoras,5
cineasta,5
distrito,5
vibra,5
w,5
link,5
oferecidas,5
artes,5
videos,5
autoral,5
impresso,5
falecomvalorbr,5
jornalismo,5
visitantes,5
souza,5
adequarem,5
rebanho,5
clecio,4
detentores,4
aliados,4
antiambiental,4
linguagem,4
pioneiros,4
perceber,4
subnacional,4
subnacionais,4
acreditam,4
incluidas,4
dominio,4
qualificada,4
aplicar,4
seringueiro,4
cesta,4
ouvir,4
potencialidades,4
organica,4
contaminacao,4
esclarece,4
apoiado,4
resultara,4
conectada,4
manguezais,4
braganca,4
chefe,4
mar,4
solucionar,4
nucleo,4
sexto,4
emergente,4
dobrar,4
rubens,4
capitalismo,4
colapso,4
carvalho,4
intencoes,4
guiana,4
francesa,4
intacta,4
inpe,4
robustas,4
formalmente,4
sobrando,4
comprometeram,4
opep,4
proponentes,4
democratica,4
protagonizar,4
caracteristica,4
robustos,4
prejuizo,4
preocupados,4
respeitar,4
prosperidade,4
mim,4
continente,4
porto,4
bemestar,4
agricultor,4
protocolos,4
extrativismo,4
criarem,4
intensificar,4
corpos,4
lixoes,4
autorizar,4
campanhas,4
correto,4
rabelo,4
traria,4
validade,4
madeireira,4
brito,4
apontados,4
regulacoes,4
diversificar,4
posseiros,4
veja,4
candido,4
tantas,4
obrigado,4
colocacao,4
filhos,4
castanha,4
tava,4
realidades,4
destruindo,4
queimar,4
velho,4
procurado,4
cartorio,4
pagos,4
abordagens,4
jurisdicionais,4
fake,4
constituindo,4
permitam,4
funcionando,4
saidas,4
siga,4
contabilizar,4
aperto,4
reformulacao,4
contara,4
proposicao,4
conecta,4
identidade,4
habitantes,4
conversando,4
usamos,4
dever,4
apresentada,4
reduziram,4
haviam,4
usam,4
tentou,4
vaca,4
equipamento,4
foca,4
inovador,4
luan,4
preferiu,4
canetada,4
tantos,4
instrumentacao,4
flexibilizar,4
concepcao,4
inconsistencias,4
bateu,4
indiretamente,4
impedir,4
maxima,4
entendendo,4
olhos,4
cara,4
basta,4
colocada,4
porta,4
alcancada,4
transacionar,4
sequer,4
respectivos,4
haveria,4
levem,4
duplo,4
empresariado,4
destacamos,4
justificando,4
universalizacao,4
circulacao,4
protejam,4
haroldo,4
resistente,4
devastado,4
oferecendo,4
comercializem,4
comprometidas,4
rs,4
permitidas,4
garabi,4
panambi,4
amigos,4
concedida,4
privatizacao,4
mercadoria,4
voz,4
orcamentos,4
art,4
finalizado,4
narrativa,4
supostas,4
estruturados,4
compradoras,4
signatario,4
amplamente,4
denuncia,4
contratuais,4
entendam,4
indo,4
assegurado,4
posterior,4
teor,4
tesouraria,4
dividendos,4
polo,4
coletivo,4
tira,4
mantido,4
causou,4
diluidos,4
ppcdam,4
facilita,4
secretarias,4
aferir,4
tratada,4
conselhos,4
profundas,4
world,4
narrativas,4
ganhado,4
camponeses,4
implica,4
bandeiras,4
exigindo,4
aprovadas,4
obrigatorio,4
fiquem,4
braco,4
petrolifera,4
registradas,4
compensados,4
redistribuicao,4
permanecem,4
destacaram,4
enviar,4
cartoes,4
portugues,4
consolidando,4
usufruto,4
exclusivo,4
materias,4
ultrapassarem,4
optar,4
doacao,4
externos,4
entraram,4
finalidade,4
paralela,4
tentativas,4
sintese,4
pautando,4
estruturante,4
inesc,4
impossivel,4
afeta,4
ocorrem,4
atendem,4
fortalecem,4
lembramos,4
tributar,4
falso,4
agroecologia,4
soberano,4
idade,4
sofreu,4
adotados,4
abuso,4
existam,4
plenamente,4
denunciados,4
receio,4
referencias,4
crie,4
libera,4
socioeconomicos,4
fraudes,4
penas,4
stedile,4
oxigenio,4
sofre,4
noticias,4
chegaram,4
fixa,4
lancados,4
impactam,4
positivas,4
prometido,4
plena,4
elevado,4
natalie,4
unterstell,4
incluido,4
passarao,4
festival,4
biodiversity,4
prefeitura,4
cazaquistao,4
ics,4
posiciona,4
adotem,4
observar,4
trench,4
rossi,4
curva,4
dadas,4
alterado,4
demora,4
tornaram,4
viu,4
voos,4
promessa,4
culpa,4
plantando,4
columbia,4
compensando,4
comprada,4
operam,4
finais,4
araujo,4
reconheceu,4
razoes,4
gigantesco,4
criticada,4
aperfeicoamento,4
reclamam,4
ofertar,4
mme,4
agressivas,4
antecipar,4
pobre,4
tomam,4
sujeita,4
cade,4
cotacoes,4
variedade,4
acucar,4
vistas,4
flexibilizacao,4
mercosul,4
dano,4
mogno,4
quiser,4
consome,4
lancam,4
secas,4
intensas,4
deslocamento,4
saudavel,4
reestruturar,4
bic,4
marcada,4
preliminares,4
garantam,4
cenamo,4
organico,4
divulgar,4
calculado,4
rumo,4
definindo,4
retirado,4
competitiva,4
manifestaram,4
vincular,4
salto,4
componente,4
restaurados,4
concedido,4
enel,4
creio,4
avaliado,4
quinto,4
bonus,4
dizia,4
subiu,4
permitiu,4
amanha,4
auditados,4
premios,4
tomadas,4
capturado,4
absorvem,4
absorvida,4
autorizacoes,4
remunerando,4
oferecem,4
embarcar,4
viagens,4
mensal,4
chineses,4
bilateral,4
consistentes,4
convidado,4
expectativas,4
madeireiras,4
delegacao,4
questionou,4
mantenha,4
comecem,4
moldes,4
desmistificar,4
exigido,4
tocar,4
presidiu,4
esperados,4
baixar,4
regulamentados,4
intermediarios,4
aumenta,4
adequadas,4
formar,4
capacitar,4
reindustrializacao,4
necessita,4
intervencoes,4
integram,4
anteriormente,4
mudando,4
eletrolise,4
envolver,4
blended,4
centrooeste,4
sequestrado,4
nisso,4
perguntas,4
fazia,4
favorece,4
preparado,4
artificial,4
doce,4
incrivel,4
escolheu,4
mello,4
homem,4
acrescentando,4
cobrado,4
evita,4
sinalizou,4
concordou,4
relatado,4
barbara,4
viveiro,4
exclusiva,4
gerenciamento,4
fundiarios,4
pdt,4
convencer,4
diretorexecutivo,4
emissora,4
automoveis,4
rousseff,4
posto,4
continuara,4
plastico,4
bovinos,4
modernizar,4
proposicoes,4
conseguido,4
avancadas,4
hidrica,4
bilhoesano,4
gigantesca,4
produzidas,4
emenda,4
vetou,4
matricula,4
centrao,4
retiram,4
sessao,4
capobianco,4
suficientes,4
exigira,4
epe,4
departamentos,4
definira,4
reconhecidas,4
consultados,4
surgiram,4
lento,4
mebengokres,4
divergencias,4
escavadeiras,4
existisse,4
admitiu,4
orientacao,4
consta,4
divisao,4
procuradas,4
abertos,4
aprimorar,4
usos,4
inadequado,4
spe,4
colocados,4
coin,4
arrecadacao,4
ocorreria,4
am,4
eduardo,4
concordam,4
punicao,4
desenhadas,4
pedindo,4
empenhado,4
rafael,4
enderecar,4
fatia,4
institutos,4
abastecer,4
assinados,4
monetizacao,4
recebimento,4
aplicados,4
correa,4
consentimento,4
ocupadas,4
contou,4
formando,4
experimento,4
longa,4
britanico,4
realizados,4
apontar,4
produzem,4
modelagem,4
listadas,4
baixas,4
mercuria,4
hedge,4
duplicidade,4
menciona,4
exchange,4
individualmente,4
secundario,4
questionada,4
suma,4
integradas,4
encaminhamento,4
imovel,4
pago,4
cancelados,4
compensarem,4
planejado,4
elencou,4
estando,4
watch,4
adequados,4
margem,4
cruciais,4
fechar,4
cumpram,4
tetos,4
cobra,4
davi,4
baratos,4
concentrados,4
consolidados,4
surgimento,4
softwares,4
observatorio,4
emissoras,4
azevedo,4
mapbiomas,4
excluir,4
iguais,4
cobrir,4
mensurar,4
futuramente,4
bv,4
deep,4
indireto,4
matrizes,4
justifica,4
assentamentos,4
pvpr,4
regulando,4
eficacia,4
vantajoso,4
prova,4
olhamos,4
cabecas,4
tornaria,4
armazenar,4
bloomberg,4
organizada,4
mundurucu,4
portel,4
acompanham,4
assistencia,4
conversamos,4
corrigir,4
pilao,4
alocado,4
jurisdicao,4
formula,4
controles,4
dream,4
factory,4
correalizacao,4
editora,4
edita,4
midia,4
cbn,4
contabilizado,4
nelson,4
negociam,4
lemire,4
observou,4
envio,4
ubs,4
dax,4
vendemos,4
ellen,4
peca,4
desenvolvedora,4
sustainable,4
climatech,4
escalar,4
geografica,4
incorporou,4
mede,4
salienta,4
estruturada,4
distribuidas,4
possibilitar,4
albuquerque,4
ceotto,4
bateria,4
paul,4
sustentar,4
exercer,4
on,4
voluntary,4
influencia,4
clavercarone,4
relacionamento,4
aliando,4
evoluir,4
sbti,4
capacidades,4
dobrou,4
certificadas,4
resultantes,4
sequestram,4
cultivo,4
compensado,4
respectivas,4
almoco,4
emissions,4
variavel,4
consideravelmente,4
zonas,4
aprendizado,4
eccon,4
organizados,4
marfrig,4
nasce,4
olha,4
aplicaveis,4
surge,4
agregando,4
to,4
contratadas,4
rj,4
basicas,4
respectivo,4
relativo,4
rafaela,4
comprometida,4
volatilidade,4
analisa,4
litros,4
formalizada,4
assumida,4
atrai,4
curta,4
espero,4
coordena,4
commerce,4
especializados,4
passem,4
coordenadora,4
seguiu,4
explorando,4
particularmente,4
avancaram,4
contratar,4
cruz,4
resto,4
diretos,4
diminuam,4
mds,4
ganha,4
gasrec,4
alemao,4
banana,4
oppenheim,4
buscamos,4
conectar,4
ppbio,4
venture,4
funcionalidades,4
vinda,4
ne,4
classificados,4
captou,4
talentos,4
cubicos,4
distribui,4
tentos,4
consolidadas,4
raio,4
restauro,4
viabilizou,4
invistam,4
devidas,4
naval,4
pugas,4
vieira,4
cra,4
sofreram,4
m,4
longe,4
maneiras,4
vindo,4
convencionais,4
frutos,4
national,4
boom,4
provocou,4
gil,4
abreu,4
mitiga,4
temporaria,4
barris,4
transacionados,4
otima,4
inteligentes,4
mariana,4
estipulada,4
assumpcao,4
bnp,4
paribas,4
chartered,4
subsolo,4
bons,4
faria,4
tratam,4
atribuicoes,4
incentivadas,4
regulamentando,4
acelen,4
amostra,4
macro,4
tiro,4
destaques,4
comprovacao,4
action,4
fs,4
jp,4
concessionario,4
ludovino,4
provoca,4
externas,4
demarest,4
categorias,4
garanta,4
infinity,4
contraparte,4
correspondem,4
prestados,4
sediar,4
toneladasano,4
geraram,4
concedidos,4
use,4
pd,4
modulo,4
climas,4
cdp,4
latin,4
maquinas,4
patentes,4
podium,4
carbonflor,4
continuarem,4
soltar,4
cmi,4
mesquita,3
alcancou,3
vilao,3
incentivada,3
mantenham,3
resulta,3
monetarios,3
eufram,3
acompanhou,3
iniciou,3
remkfw,3
cameli,3
aumentos,3
vencer,3
administrativa,3
gerencia,3
estrago,3
bolsonarista,3
provavel,3
imagina,3
proporciona,3
reduzida,3
atentar,3
financiadores,3
selos,3
sentem,3
nuances,3
tornam,3
manguezal,3
coletivos,3
ativistas,3
esclarecimento,3
marinhas,3
fechamento,3
raizes,3
ngi,3
barbosa,3
contando,3
exministra,3
potencias,3
coletiva,3
embaixador,3
exteriores,3
domingo,3
estimulara,3
implantada,3
proam,3
convidados,3
bocuhy,3
atingimento,3
conjuntura,3
vidas,3
sinaliza,3
impactadas,3
espaciais,3
citado,3
secao,3
refletindo,3
vendedoras,3
cobrar,3
sistematica,3
destroi,3
excludente,3
essencia,3
resolucoes,3
guterres,3
mensuraveis,3
firmado,3
fiz,3
sei,3
poe,3
dinamicas,3
sabedoria,3
beneficia,3
abriga,3
localizados,3
adensamento,3
resilientes,3
instalar,3
rejeitos,3
horizonte,3
perseguir,3
compor,3
barco,3
compreensao,3
venha,3
kerry,3
oceanos,3
aportes,3
constatou,3
palco,3
resultando,3
voltam,3
destinar,3
julio,3
cesar,3
nantes,3
eco,3
indenizados,3
descendentes,3
correm,3
expulsos,3
abandonar,3
queria,3
transformado,3
seringais,3
cachoeira,3
medo,3
raimundao,3
embate,3
confirmou,3
restando,3
integrado,3
impactar,3
beira,3
vendedor,3
votada,3
genero,3
indenizacao,3
abram,3
conquista,3
solidaria,3
peixes,3
madeiras,3
revista,3
anunciam,3
compativeis,3
identificou,3
historicas,3
variaveis,3
gama,3
forcas,3
restantes,3
especulativa,3
caminhando,3
alegacoes,3
vastas,3
departamento,3
senior,3
alertam,3
projetar,3
complementa,3
reacoes,3
impossibilidade,3
ouviu,3
monte,3
estatisticas,3
trabalhou,3
toa,3
nanico,3
limitacao,3
ufrj,3
vesperas,3
autoria,3
fevereiro,3
apagar,3
protecionismo,3
european,3
system,3
daquele,3
transacionado,3
falado,3
centralizada,3
fomenta,3
vago,3
sentimento,3
dialoga,3
praticadas,3
facam,3
player,3
imagine,3
vendeu,3
preestabelecido,3
maduros,3
revisada,3
compre,3
alcancadas,3
entraria,3
considere,3
coberto,3
quantos,3
participando,3
perigoso,3
mal,3
literatura,3
fiscalizar,3
precisariam,3
exato,3
particularidade,3
interage,3
exista,3
sol,3
momentos,3
articula,3
enfrentam,3
causas,3
bilionarios,3
duvidosos,3
reconstrucao,3
solidariedade,3
moradia,3
rua,3
realizem,3
lgbtqia,3
ecologicamente,3
equilibrado,3
retomadas,3
comunitaria,3
imobiliaria,3
pernambuco,3
sergipe,3
incorporando,3
recuperado,3
generalizada,3
estruturando,3
repensar,3
eletrificacao,3
inscricoes,3
levanta,3
sitios,3
conjuntamente,3
argentino,3
ricas,3
africano,3
rodadas,3
emissario,3
disparou,3
rendeu,3
jeffrey,3
perseu,3
abramo,3
cupulas,3
finlandia,3
apontando,3
ofensiva,3
vinculadas,3
familiares,3
objetos,3
enfrentado,3
vozes,3
injusticas,3
atualizados,3
produtoras,3
historicamente,3
geneticamente,3
plasticos,3
elsheikh,3
atingindo,3
agroextrativistas,3
violados,3
resguardar,3
paraense,3
prontas,3
conhecer,3
reeleito,3
indispensaveis,3
render,3
garantido,3
turno,3
votos,3
validos,3
bi,3
seculos,3
super,3
guiar,3
identificada,3
martins,3
levada,3
financial,3
ignorando,3
bois,3
perversos,3
anular,3
aderiram,3
pampa,3
sobreposicoes,3
prestadas,3
legitimar,3
indicacao,3
negou,3
amazonidas,3
simpatia,3
superacao,3
aprender,3
tomando,3
trem,3
urbana,3
times,3
madija,3
vitima,3
extorsao,3
retem,3
alcoolicas,3
vencidos,3
didatico,3
cimi,3
juventude,3
huni,3
kuin,3
diagnosticados,3
assassinado,3
facadas,3
proximidades,3
jordao,3
invisibilizada,3
autorizou,3
violando,3
assegurados,3
tembe,3
baleados,3
preparavam,3
tomeacupa,3
pertencentes,3
bio,3
fuels,3
frequente,3
segurancas,3
armados,3
colonial,3
distribuir,3
dividido,3
resumo,3
acontecera,3
positivamente,3
apresentados,3
merito,3
licao,3
caroline,3
laclima,3
vivo,3
permanentemente,3
gerir,3
equitativa,3
participativa,3
minimas,3
entraves,3
excelente,3
integro,3
verdadeiras,3
escuta,3
ocupado,3
acampamento,3
marcha,3
movimentacoes,3
implicacoes,3
tatiana,3
distanciar,3
saem,3
impactantes,3
distintas,3
possibilitem,3
atingirem,3
substitua,3
submetidas,3
indireta,3
romper,3
vicioso,3
perigosas,3
assume,3
claramente,3
submetidos,3
saiba,3
classificou,3
mst,3
circulam,3
deslocamentos,3
podcast,3
transformam,3
estudar,3
sinonimo,3
simplificado,3
precisava,3
antecipada,3
cambio,3
estaveis,3
complicado,3
reforcam,3
conduzir,3
guinada,3
verdadeiramente,3
concorrencia,3
recomenda,3
auferir,3
encabecada,3
terca,3
furtado,3
blockc,3
almir,3
calculadora,3
convencoes,3
plantada,3
reduzirem,3
sinare,3
criticou,3
curvas,3
renata,3
sentindo,3
racional,3
normativo,3
incerteza,3
detalhando,3
ocde,3
atraente,3
avioes,3
business,3
funcionem,3
individuais,3
premissa,3
indicado,3
saiu,3
interlocucao,3
criativa,3
aproveita,3
altas,3
regulamentou,3
singular,3
aliviar,3
comecaram,3
litro,3
apertado,3
caiu,3
mistura,3
rico,3
desastres,3
pagando,3
interligado,3
nichos,3
importadores,3
sexta,3
thome,3
gussi,3
alega,3
limitacoes,3
aprimoramentos,3
normal,3
vitoria,3
continue,3
preservem,3
exoticas,3
avaliando,3
portal,3
armazenado,3
passagem,3
sai,3
diversificada,3
miseria,3
direcionada,3
rejeicao,3
cientificas,3
ambiciosas,3
disseram,3
mandatos,3
agroindustriais,3
apoiada,3
vinculada,3
usp,3
encerramento,3
conectividade,3
somar,3
colocarmos,3
piracicaba,3
anunciar,3
salles,3
definitiva,3
biotecnologia,3
siderurgica,3
trataram,3
individual,3
oeste,3
ampliadas,3
community,3
implementados,3
beneficiadas,3
cursos,3
formulou,3
superiores,3
cedo,3
armazenam,3
tanta,3
relativamente,3
dilema,3
desastre,3
demonstrar,3
vigoroso,3
virada,3
insuficiente,3
acordado,3
resolve,3
impedem,3
polua,3
lavagem,3
costuma,3
credenciais,3
destruida,3
diplomatico,3
sentimos,3
ameacam,3
locadora,3
localiza,3
minimos,3
desponta,3
alinhar,3
palestra,3
representacoes,3
ganhem,3
movimenta,3
certificacoes,3
carne,3
miram,3
lucrativo,3
agbi,3
mario,3
lewandowski,3
recuperada,3
disseminacao,3
fechou,3
buscaram,3
fomentem,3
encontros,3
secretariado,3
esperanca,3
membro,3
panorama,3
preocupante,3
atrasado,3
explicam,3
comandado,3
oposta,3
ambientes,3
incluam,3
representatividade,3
bruta,3
comparativas,3
importacoes,3
dutos,3
perdendo,3
extraido,3
diretoria,3
colaboracao,3
rastreamento,3
ajudalos,3
zutt,3
inovadora,3
parar,3
vbso,3
comportamento,3
insuficientes,3
alegar,3
decisiva,3
tecnologicos,3
gestacao,3
alavanca,3
deixaram,3
royalties,3
desconhecimento,3
uteis,3
terrenos,3
lindo,3
tropicos,3
laboratorios,3
chamam,3
solido,3
inumeros,3
conhece,3
concluir,3
beleza,3
humanas,3
historia,3
fecomerciosp,3
izabel,3
substitui,3
sozinhos,3
liberado,3
fercomerciosp,3
portugal,3
demorar,3
suja,3
americanas,3
europeias,3
transformada,3
nasa,3
espacial,3
erros,3
desembolsos,3
inovadoras,3
figueiredo,3
votou,3
bancadas,3
pequim,3
inedito,3
seminario,3
news,3
adotando,3
declaracoes,3
brics,3
destinado,3
anfitriao,3
funcoes,3
algas,3
top,3
games,3
research,3
prorrogacao,3
consideramos,3
credores,3
minima,3
manteve,3
brecha,3
geografico,3
fuga,3
financiador,3
etica,3
omissao,3
traduz,3
demandar,3
constitucional,3
pares,3
custas,3
apreciada,3
alterava,3
comprovam,3
averbadas,3
designadas,3
enquadrados,3
inequivoca,3
proibicao,3
lances,3
goias,3
antecedencia,3
corrente,3
secretarioexecutivo,3
sensivel,3
parcialmente,3
quis,3
imediata,3
partnership,3
otica,3
consolidado,3
batido,3
juridicos,3
credenciamento,3
consonancia,3
interdicao,3
penalizacao,3
seguido,3
apostas,3
periodicos,3
acrescentou,3
maluhy,3
sallouti,3
combinar,3
antecipacao,3
intervalo,3
investigar,3
atropelamento,3
instancias,3
acodamento,3
recuou,3
reformulado,3
frustrou,3
multiplas,3
gorotire,3
cercadas,3
caminhoes,3
cerco,3
caciques,3
relataram,3
tembes,3
guama,3
detalhou,3
redencao,3
arquivou,3
irretratavel,3
irrevogavel,3
isolados,3
agiu,3
periodica,3
manifestou,3
participe,3
elaboraram,3
devendo,3
incidentes,3
identificados,3
bemsucedidos,3
rigorosos,3
coordenou,3
permitida,3
convertidos,3
decidimos,3
pretendia,3
anuncio,3
seguida,3
saldanha,3
sabado,3
poderes,3
viavel,3
avance,3
apaixonado,3
gastar,3
mail,3
vencedores,3
referido,3
pagam,3
ocorrera,3
valer,3
gradativamente,3
produtivos,3
desequilibrados,3
propondo,3
assimetria,3
ouvidas,3
desenvolva,3
ajustar,3
repasses,3
costurado,3
arbitragem,3
previsoes,3
previo,3
concluido,3
depositos,3
custear,3
drogas,3
duracao,3
nutrientes,3
instalado,3
resume,3
aeronaves,3
proposito,3
selecionada,3
carece,3
minutos,3
pouquissimas,3
validar,3
entendem,3
ofertas,3
demonstrado,3
unicas,3
estacionarias,3
plausivel,3
selecionar,3
reporte,3
autorizada,3
ac,3
responderam,3
elaborou,3
status,3
agencias,3
continuamente,3
elegibilidade,3
capturados,3
custara,3
reciclaveis,3
servem,3
berkeley,3
flexibilidade,3
pretendem,3
ressalvas,3
manifestacoes,3
divulgados,3
participa,3
deixara,3
deseja,3
aliquota,3
torne,3
aceitas,3
bomtempo,3
gratuitamente,3
sc,3
kraus,3
engloba,3
criadores,3
conseguiria,3
fragmentados,3
nascer,3
calculados,3
fgvces,3
relatar,3
imposta,3
enquadradas,3
aereo,3
basicos,3
terminativa,3
requerimento,3
dispositivos,3
obrigados,3
figura,3
paralelamente,3
acreditar,3
isolada,3
autonoma,3
regule,3
debitos,3
cientificamente,3
comprovadas,3
crateras,3
celeridade,3
tramite,3
conseguira,3
psdmg,3
deliberacao,3
encerrar,3
tratados,3
estender,3
detalhe,3
atendendo,3
meados,3
preparo,3
agronomica,3
fazelo,3
alocadas,3
previamente,3
mandatorio,3
cobrou,3
civis,3
emplacar,3
criminoso,3
acusacoes,3
pedagio,3
destravados,3
americas,3
posicionar,3
desgaste,3
mariz,3
moura,3
pressupoe,3
banking,3
encontram,3
paridade,3
decorrencia,3
motivacao,3
combustao,3
condutor,3
viabiliza,3
cartao,3
concessionaria,3
transformando,3
crescem,3
competicao,3
accioly,3
pontuou,3
gloria,3
daniela,3
elevadas,3
danoso,3
classificar,3
plataform,3
geap,3
montada,3
cisbra,3
ultrapassa,3
uns,3
garrafa,3
fluminense,3
cidadania,3
exposicao,3
sinais,3
quiserem,3
emprestimo,3
fungiveis,3
claudio,3
procurou,3
smart,3
imensas,3
polygon,3
consultora,3
complementou,3
exigencia,3
revolucao,3
envolvido,3
participacoes,3
mco,3
dona,3
delicada,3
eucaliptos,3
agrega,3
devedor,3
good,3
concorda,3
costumam,3
tomaram,3
discrepancia,3
confirmar,3
mexer,3
microsoft,3
comercializadas,3
saltou,3
ampliou,3
tco,3
crescido,3
tomadores,3
esfera,3
laura,3
mg,3
aumentado,3
registrou,3
ecoparques,3
temor,3
socialider,3
advisory,3
nelmara,3
surgir,3
gt,3
coeq,3
henrique,3
aco,3
mineradora,3
by,3
aie,3
ma,3
protegem,3
transitorio,3
ofertados,3
markets,3
ultrapassou,3
sbn,3
entrevistas,3
gerentegeral,3
apontadas,3
esperamos,3
bid,3
mauricio,3
discutiu,3
aventureiros,3
palacio,3
apoiamos,3
transferidos,3
multidisciplinar,3
aduaneiro,3
targets,3
vcmi,3
icvcm,3
afetar,3
realizadas,3
fracionados,3
credit,3
exchanges,3
foxbit,3
observando,3
manterem,3
serial,3
number,3
ilustra,3
earth,3
socioeconomico,3
importados,3
aguarda,3
chefes,3
nascente,3
democratizar,3
laskowsky,3
prontos,3
habilitados,3
solvi,3
recebemos,3
sustentacao,3
restaurada,3
cristiano,3
viabilizando,3
consistira,3
prospeccao,3
compartilhar,3
bartolomeo,3
possibilitam,3
starbucks,3
imobiliarios,3
somando,3
imprescindivel,3
resolvido,3
distribuidos,3
jus,3
terrestre,3
concluida,3
intensos,3
divulgou,3
circularidade,3
montagem,3
tempestiva,3
cmn,3
standards,3
filantropias,3
liminar,3
agir,3
conjuntas,3
pretensoes,3
cotistas,3
levy,3
mensagem,3
indicando,3
posteriores,3
contendo,3
vislumbrar,3
atributo,3
pontuar,3
pecuaristas,3
buscado,3
atuara,3
escolhido,3
diplomatica,3
ipt,3
cba,3
detalhados,3
inseridos,3
ecosystem,3
intuito,3
contabilizados,3
pecas,3
formal,3
viria,3
decomposicao,3
derivado,3
hv,3
dejetos,3
tido,3
atributos,3
kfw,3
abundance,3
potencializar,3
powershoring,3
determinacao,3
transmissao,3
dispostos,3
pipeline,3
investimos,3
betablocks,3
elos,3
automatica,3
dre,3
incorridos,3
administrativas,3
responsabilidades,3
esalqusp,3
nitrogenio,3
consistiu,3
artuzo,3
coordenadas,3
incluidos,3
inovar,3
dedicados,3
fornecera,3
treinamento,3
pagaria,3
aderente,3
aproximar,3
nuclear,3
tornem,3
biologa,3
gees,3
oxido,3
nitroso,3
triade,3
jgp,3
parra,3
rezende,3
debenture,3
requerem,3
jalles,3
normalmente,3
valorizados,3
tobasa,3
coco,3
babacu,3
palmeira,3
agroflorestas,3
bonamin,3
disseminar,3
injusto,3
pague,3
vire,3
pec,3
distincao,3
chao,3
comida,3
biologo,3
entrara,3
promissoras,3
ceos,3
cloud,3
migrar,3
entenderam,3
movida,3
provocando,3
litigancia,3
dilligence,3
fabricante,3
puderem,3
respaldo,3
vladimir,3
conformidade,3
solidas,3
tributados,3
aramco,3
comunicar,3
produzindo,3
favaro,3
escalabilidade,3
democratizacao,3
completas,3
lanca,3
contextos,3
negativas,3
blocos,3
exclusivos,3
vertical,3
recarga,3
trajetorias,3
tech,3
brcarbon,3
bbva,3
natwest,3
captados,3
instantanea,3
rastreavel,3
losada,3
conexoes,3
ceramica,3
conseguiriam,3
regionalmente,3
mostrado,3
comercializaveis,3
permitiria,3
negociaveis,3
restringir,3
construidos,3
afericao,3
formular,3
isa,3
mesmos,3
demandara,3
domestica,3
alexandra,3
tokenizada,3
poderem,3
professora,3
tela,3
foto,3
masagao,3
salvador,3
selecao,3
cuida,3
profundidade,3
finaliza,3
plmg,3
concessionarios,3
corporativas,3
limitada,3
aproveitado,3
maquinario,3
biochar,3
aproveitou,3
asseguram,3
resultam,3
desinformacao,3
administrado,3
d,3
iii,3
eletronicas,3
superficie,3
aplicam,3
mensura,3
academicos,3
especializado,3
regenerativo,3
reversa,3
morfo,3
ponte,3
abranger,3
subsistencia,3
concessionarias,3
mapeou,3
batizado,3
perfuracao,3
absorvido,3
representando,3
inflexao,3
dedicado,3
puxar,3
reduzimos,3
etfs,3
cnae,3
conectados,3
construindo,3
samauma,3
henry,3
gonzales,3
fram,3
mrv,3
administra,3
originadores,3
intermediacao,3
simplificar,3
fabricantes,3
burocraticas,3
conviccao,3
seguros,3
set,3
reciclado,3
summit,3
vetor,3
particularidades,3
rji,3
atrativos,3
favorecem,3
observados,3
engajados,3
economizada,3
superarem,3
regulamentara,3
exercida,3
facilidade,3
lida,3
sociologo,3
faco,3
acerca,3
susep,3
letra,3
moino,3
ajudem,3
atos,3
oleos,3
presal,3
desenhada,3
family,3
conseguirmos,3
injetar,3
respeita,3
ii,3
debrucar,3
demonstracoes,3
pegou,3
fornecedora,3
superintendencia,3
fundiarias,3
silveira,3
repsol,3
ganhe,3
vistos,3
turistico,3
lacuna,3
anbima,3
presidenteexecutivo,3
patamares,3
guimaraes,3
aluguel,3
usuario,3
fruto,3
esperava,3
pr,3
bienal,3
indicou,3
modificacoes,3
stratos,3
occidental,3
fornecedoras,3
toniolo,3
tokenizado,3
rodoviario,3
escreveu,3
alocada,3
recebera,3
fang,3
supervisao,3
irradiem,3
necessite,3
embates,3
partida,3
benfeitorias,3
aplicavel,3
movidos,3
setas,3
transculturalidade,3
tevx,3
higer,3
contradicoes,2
destacadas,2
mencionado,2
remotas,2
desfazer,2
desmatados,2
boiada,2
racionalidade,2
intensificacao,2
industrializados,2
tolerancia,2
derrubadas,2
executar,2
reddpsa,2
zee,2
exsecretario,2
marques,2
sisa,2
receberia,2
gladson,2
reeleicao,2
destruiu,2
candidata,2
ilpf,2
inadimplencia,2
apoie,2
pagara,2
vejam,2
costeiras,2
validadas,2
empregadas,2
acaso,2
formulas,2
adote,2
marinha,2
escassos,2
orcamentarios,2
significaria,2
dimensoes,2
predatorias,2
ruptura,2
atingida,2
negociador,2
diretorgeral,2
piso,2
fracasso,2
unicamp,2
ameacados,2
moradoras,2
fortalecera,2
bacias,2
hidrograficas,2
vizinhos,2
suriname,2
ocorrendo,2
lidam,2
cartel,2
potencializando,2
subsaariana,2
massa,2
somaram,2
profundamente,2
replica,2
abandonando,2
colaborativo,2
faltou,2
costura,2
propositura,2
embrionaria,2
simbolos,2
culturais,2
sustentabilistas,2
originarias,2
vivendo,2
decisivamente,2
sequestra,2
equilibra,2
perenidade,2
ecossistemica,2
incompatibilidade,2
desequilibrio,2
consciente,2
protege,2
fiscaliza,2
modernas,2
proporcionando,2
destruir,2
rppns,2
irregular,2
transgenicos,2
inclusivas,2
atmosferica,2
despoluicao,2
ceu,2
catadores,2
correta,2
extensoes,2
bombas,2
anuencia,2
diretorpresidente,2
cofres,2
coronel,2
otimizacao,2
acessou,2
amin,2
americanos,2
confere,2
filantropia,2
disponha,2
morte,2
wilson,2
permanecer,2
colocacoes,2
transformala,2
acontecem,2
destinam,2
explorada,2
agrarios,2
participamos,2
tiram,2
reintegracao,2
matheus,2
novais,2
devidamente,2
reivindicadas,2
resistir,2
policiais,2
resistido,2
tiao,2
sobreviver,2
empate,2
lutando,2
daquela,2
assentamento,2
branca,2
assinada,2
mora,2
fracionar,2
historias,2
vivas,2
lutas,2
judicial,2
companheiros,2
faculdade,2
recado,2
recorrer,2
equivocadas,2
pleitos,2
recorreu,2
possuia,2
enfim,2
lixao,2
criam,2
saira,2
conarred,2
util,2
informando,2
credencial,2
alterada,2
capacitacoes,2
equidade,2
conduta,2
regulamentos,2
cidadaos,2
interacao,2
convite,2
jornalistas,2
manto,2
sobrenome,2
nascimento,2
produzirem,2
mandioca,2
palmo,2
guia,2
alavanquem,2
intimamente,2
mantela,2
aprendi,2
reflorestamentos,2
seres,2
colocamos,2
cambridge,2
similares,2
convertida,2
corresponder,2
quantias,2
deixariam,2
debito,2
planetario,2
usaram,2
consideraram,2
extrapolar,2
historicos,2
calculou,2
selecionadas,2
disponibilizados,2
investigados,2
beneficiado,2
despejo,2
salvar,2
equilibrar,2
kontoleon,2
falsos,2
sofisticados,2
inexistencia,2
consigo,2
arroz,2
chamine,2
justificar,2
passe,2
bate,2
presidentes,2
secretarios,2
curioso,2
burburinho,2
psdam,2
instabilidade,2
queimado,2
entrega,2
cabera,2
enfoque,2
tom,2
cumpra,2
vendelo,2
favorecer,2
emission,2
insatisfacao,2
serviu,2
vazou,2
rascunho,2
cheio,2
revisar,2
protocolou,2
serve,2
restritivo,2
ineficiente,2
obrigada,2
interagir,2
impacte,2
teoricamente,2
apareceu,2
pessoalmente,2
pior,2
eleitores,2
percebem,2
plateia,2
acompanhando,2
gwp,2
vendia,2
hidreletrica,2
termeletrica,2
subsidio,2
conjuncao,2
criaram,2
relacionar,2
gerindo,2
confuso,2
acabe,2
orquestrado,2
orquestra,2
tocando,2
fa,2
prioritaria,2
desconsiderar,2
harmonica,2
leve,2
suavizam,2
antidemocraticas,2
precarizam,2
assuma,2
desmascarar,2
metamorfoseando,2
traduzir,2
construimos,2
coletivamente,2
desprivatizados,2
retornem,2
propomos,2
descentralizacao,2
publicocomunitarias,2
trabalhadora,2
digno,2
qualificacaorecolocacao,2
sindicais,2
paa,2
pnae,2
escolar,2
pnra,2
todes,2
periferias,2
urbanas,2
respirar,2
desfrutar,2
fe,2
atingidas,2
sertanejos,2
canion,2
delmiro,2
gouveia,2
inaugurada,2
abrangendo,2
recompoem,2
gero,2
preservo,2
sementeira,2
adaptadas,2
enfatiza,2
convocacao,2
causada,2
retorica,2
agroindustria,2
professores,2
gaucho,2
inga,2
embasamentos,2
superficiais,2
arqueologicos,2
incompativeis,2
geridos,2
hidreletricos,2
paralisados,2
intentos,2
mabrs,2
habitam,2
mab,2
mote,2
situa,2
lidera,2
voto,2
barganha,2
aloizio,2
latinoamericanos,2
contatos,2
discutidas,2
quenia,2
lideradas,2
digna,2
formulacoes,2
estruturantes,2
efetivos,2
centralidade,2
planilha,2
especificamente,2
avancam,2
racismo,2
reparar,2
controlada,2
oriundo,2
apensos,2
intermediarias,2
imaginar,2
contem,2
ecossistemico,2
fundiario,2
significativamente,2
arquipelago,2
opinioes,2
respeitado,2
propaganda,2
atas,2
afetem,2
mera,2
assedios,2
concreta,2
geografo,2
boca,2
valter,2
marcia,2
mura,2
barbalho,2
enxergar,2
continuo,2
utopia,2
bemvindo,2
checar,2
implementadores,2
contramao,2
custeio,2
contemple,2
assinam,2
possibilitando,2
ente,2
executadas,2
repassar,2
guardias,2
technologies,2
regulem,2
sensiveis,2
economic,2
secundarizado,2
aparecendo,2
transfere,2
plantacoes,2
monocultivos,2
modificados,2
privatizadas,2
discursos,2
mudam,2
incorporam,2
mascaram,2
desconsiderando,2
extrativa,2
unicamente,2
hegemonizaram,2
controladas,2
reconfigurar,2
ideologicas,2
expropriatorias,2
erguido,2
causador,2
sentidos,2
diagnostico,2
manobra,2
identica,2
esvaziar,2
competencias,2
fiscalizatorias,2
direita,2
foz,2
mamiferos,2
aquaticos,2
megaprojeto,2
reivindicam,2
reunido,2
compondo,2
reapresentados,2
restringem,2
turvam,2
progressista,2
reproduzindo,2
pensamento,2
mazelas,2
sugerem,2
decorrem,2
atacados,2
marroni,2
oferecido,2
trensurb,2
venceu,2
exsenador,2
inspirado,2
possuam,2
rves,2
inicia,2
maduro,2
articulado,2
instituida,2
entendo,2
revisado,2
agilidade,2
enxergam,2
denunciadas,2
falo,2
chances,2
operador,2
benefica,2
averiguacao,2
complexas,2
escrevemos,2
incidirem,2
contracupulas,2
nomeamos,2
articularam,2
flamengo,2
sambodromo,2
construiu,2
feminismo,2
opressao,2
oficina,2
mmm,2
patriarcado,2
colonialismo,2
escrevendo,2
propositalmente,2
complicada,2
liderados,2
preferencialmente,2
elaboracoes,2
partem,2
democraticos,2
idealizacao,2
raiz,2
resgate,2
combatela,2
descentralizado,2
ineficientes,2
passasse,2
sistematizacao,2
modificacao,2
modificou,2
autodefinem,2
extrapolam,2
definirem,2
misto,2
fixadas,2
atendiam,2
assediam,2
deslocam,2
expulsam,2
interferirem,2
violencias,2
sufocar,2
omissoes,2
interpretacoes,2
geoengenharias,2
abrindo,2
donas,2
consultada,2
reforcamos,2
atravessamos,2
reproducao,2
atendeu,2
salvaguarda,2
prejudicados,2
fraudulentos,2
intitulado,2
sindicatos,2
nicho,2
regulamentadas,2
hernandez,2
lerner,2
acoplamento,2
conservacionista,2
consequente,2
duras,2
atribuem,2
negro,2
diosmar,2
empenho,2
impactada,2
tempestade,2
cuidados,2
chegara,2
temporada,2
comentarios,2
criara,2
duraveis,2
satisfaca,2
simplificada,2
pareceu,2
alex,2
lipton,2
qualitativo,2
paria,2
posturas,2
aumentaram,2
esferas,2
orcamentaria,2
impar,2
power,2
ilusao,2
largo,2
john,2
inclusiva,2
implementada,2
capilaridade,2
sobrevivencia,2
economistas,2
pontape,2
dividida,2
fgveaesp,2
indicar,2
regua,2
descumprimento,2
gradativas,2
prorrogavel,2
parametro,2
apresentem,2
acertada,2
significar,2
apensado,2
sinalizar,2
aguardando,2
pslsp,2
escrutinio,2
diria,2
basear,2
polarizacao,2
partidos,2
fragilidade,2
inibir,2
atrasada,2
atualizado,2
vigencia,2
desejavel,2
adotarem,2
atuou,2
sugeriu,2
clique,2
upgrade,2
cancelar,2
quantia,2
leitores,2
financiando,2
neutralizamos,2
usher,2
puderam,2
medidos,2
acontecido,2
voar,2
impulsionada,2
individuo,2
escutado,2
contabilizadas,2
componentes,2
contraposicao,2
dependemos,2
souber,2
bolso,2
acusa,2
barateando,2
calculadas,2
distorcoes,2
identificamos,2
repassados,2
bioquerosene,2
mussa,2
checkup,2
preventivo,2
refeicoes,2
desconto,2
embutido,2
descarbonizados,2
retardo,2
sorte,2
responder,2
engajando,2
otimo,2
indicios,2
infracao,2
joga,2
pediram,2
atendidas,2
pedem,2
atingiram,2
marcio,2
jogou,2
destacando,2
respondem,2
ativa,2
refinarias,2
autora,2
evandro,2
exclusivamente,2
inconstitucional,2
batalha,2
carimbo,2
causado,2
lancamos,2
prejudica,2
botanico,2
arariba,2
paubrasil,2
monocultura,2
agroecologico,2
experimentar,2
surgindo,2
partindo,2
articulacoes,2
diminuindo,2
tornei,2
cetica,2
ipi,2
frequentes,2
relacionam,2
akatu,2
qualificadas,2
farol,2
mpanumpanu,2
iniciaram,2
aderiu,2
impulsionado,2
montou,2
der,2
preparando,2
arquitetura,2
incentive,2
repetido,2
senao,2
criador,2
idesam,2
resolveu,2
engenheiro,2
trunfos,2
lucrativas,2
conservancy,2
tnc,2
interamericano,2
produziu,2
manejam,2
socialmente,2
tebet,2
segredo,2
conciliar,2
arr,2
empregado,2
vanguarda,2
pesadas,2
flexibilizac,2
integrando,2
acabaria,2
sin,2
realista,2
inadiavel,2
sanitario,2
branding,2
pontal,2
paranapanema,2
extremo,2
somadas,2
afforestation,2
reforestation,2
ameacada,2
extincao,2
case,2
toma,2
prado,2
sumidouros,2
constituem,2
inegavel,2
exponencialmente,2
beneficiem,2
avancarem,2
contencao,2
santo,2
explorado,2
modestos,2
pls,2
promissora,2
representou,2
ascensao,2
sala,2
c,2
ultrapasse,2
totalidade,2
piquet,2
daquilo,2
klabin,2
valem,2
nov,2
expressao,2
eleitor,2
potavel,2
prejudicado,2
perdida,2
agravamento,2
motoristas,2
montadora,2
obteve,2
citacoes,2
espontaneas,2
brasilchina,2
impactara,2
pleno,2
movimentaram,2
cheguem,2
acreditacao,2
introduzam,2
visem,2
minar,2
taveira,2
aprovacoes,2
ocupou,2
seguidas,2
consomem,2
livrar,2
cientes,2
bilionario,2
qualificados,2
compensaria,2
pudessem,2
ajustado,2
regulares,2
madri,2
espanha,2
bloqueou,2
mencoes,2
adotou,2
verbo,2
animados,2
receberem,2
indenizacoes,2
way,2
converter,2
cumprem,2
esparta,2
represalias,2
elaborados,2
farmaceutica,2
reforcaram,2
orientadas,2
missoes,2
direcionadas,2
organismo,2
lancaram,2
limpar,2
pacotes,2
proporcionara,2
mente,2
prevenir,2
magnitude,2
executados,2
abordam,2
unilaterais,2
isoladas,2
desgastada,2
perfeito,2
abundante,2
agregado,2
estrangeiro,2
brutas,2
acumulado,2
correr,2
ousadas,2
dificeis,2
hipoteticos,2
limitam,2
tabuleiro,2
filantropicas,2
inviavel,2
autossuficiente,2
soube,2
estragos,2
pouquissimos,2
preparados,2
fortalece,2
notavel,2
existira,2
devastada,2
interromper,2
cortada,2
moleculas,2
genericamente,2
bonde,2
irrelevante,2
cumpre,2
moral,2
inverso,2
preservala,2
mudado,2
optado,2
orientador,2
portes,2
goldemberg,2
assessora,2
sindicato,2
veneno,2
administrativos,2
proporcional,2
fotovoltaica,2
aceitam,2
cidadao,2
protocolados,2
adiantado,2
moreira,2
arminio,2
fraga,2
medeiros,2
extrair,2
localizado,2
bioflora,2
originais,2
exdiretor,2
procuram,2
substituindo,2
submete,2
certificadores,2
ficamos,2
monitorando,2
peixe,2
conosco,2
digo,2
knn,2
criptomoeda,2
correcao,2
simbolica,2
bioprospeccao,2
nilto,2
tatto,2
ptsp,2
campeia,2
campeava,2
entrando,2
melchionna,2
psolrs,2
chines,2
xi,2
jinping,2
mandatario,2
poluidor,2
frustracao,2
juncao,2
xangai,2
apex,2
presta,2
inaugurar,2
fotovoltaicas,2
galvao,2
oferecam,2
exercam,2
entendido,2
estimulou,2
recem,2
busque,2
bancaria,2
substituto,2
correndo,2
cultivar,2
transformadas,2
arroto,2
ruas,2
investment,2
bbi,2
consorcios,2
ipo,2
analistas,2
camargo,2
ajudara,2
litigios,2
trabalhista,2
porcentagem,2
terceirizacao,2
mercadorias,2
combatidas,2
agressoes,2
voadores,2
aquifero,2
assegurando,2
agrobusiness,2
melhorando,2
estocar,2
compulsoria,2
fabricados,2
gozam,2
celebra,2
jaqueline,2
subsidiar,2
irregularmente,2
completar,2
apostam,2
dividiu,2
apontaram,2
atrativas,2
designacoes,2
analogas,2
ouvindo,2
ampliaria,2
desvirtuamento,2
reestruturou,2
promovidas,2
descontos,2
cadastrar,2
leiloeira,2
wwwlancenoleilaobr,2
unitario,2
comandada,2
protocolar,2
cargos,2
atingido,2
bolha,2
aprove,2
concentracao,2
monetiza,2
praticado,2
readiness,2
revogado,2
tratando,2
conectara,2
consideracoes,2
dinamico,2
seara,2
iremos,2
hipoteticamente,2
supondo,2
ficticio,2
ilustram,2
balizas,2
monitoralas,2
articulando,2
subordinado,2
atingira,2
conversou,2
ajude,2
rigidas,2
impor,2
acordadas,2
advertencia,2
irregulares,2
contrarios,2
sentir,2
acertos,2
passivel,2
burlar,2
liberados,2
desmatado,2
botar,2
demarcado,2
pensado,2
netos,2
dolo,2
lesao,2
desprezo,2
absoluta,2
acompanharam,2
discordancias,2
cumaru,2
turedjam,2
ourilandia,2
levados,2
presencial,2
servidor,2
ficariam,2
inadequada,2
ti,2
coordenacoes,2
desfez,2
investigou,2
seguidos,2
aceito,2
continuou,2
autorize,2
instaurar,2
circunstancias,2
secretariogeral,2
ativista,2
tornada,2
assegurada,2
delegar,2
assembleias,2
manifestacao,2
vetados,2
ressaltam,2
instaurados,2
compreendidos,2
incidencia,2
firmas,2
onerar,2
envolveu,2
recomendou,2
aikewaras,2
inerentes,2
sediada,2
parauapebas,2
utilitario,2
gfco,2
permanecia,2
suspenso,2
araguaia,2
divisa,2
bilhete,2
ficaria,2
comprariam,2
denominada,2
criptoativo,2
referente,2
recomendam,2
presidida,2
buscara,2
obedecendo,2
homologadas,2
mercurio,2
designacao,2
infraestruturas,2
vetores,2
compramos,2
sobra,2
bolivia,2
licitacao,2
telefonica,2
bndespar,2
unanime,2
investiram,2
aguardar,2
criticam,2
financiados,2
alcancados,2
focos,2
normativos,2
recorte,2
siderurgico,2
representativos,2
comecaria,2
demandando,2
cowboys,2
recebam,2
apensar,2
arrecadados,2
gerido,2
envolvera,2
instalados,2
largada,2
ultrapassam,2
paulatina,2
propicio,2
progressiva,2
ilegalidades,2
nitidamente,2
previram,2
oceano,2
santarem,2
colonizacao,2
validado,2
controversias,2
aplicou,2
ata,2
amarrado,2
excessivamente,2
frase,2
unfcc,2
concilia,2
cito,2
paralelas,2
trafico,2
enriquecimento,2
concentracoes,2
torres,2
pesado,2
comecara,2
mcti,2
temperadas,2
meia,2
parou,2
fosforo,2
savanizacao,2
olham,2
gatti,2
bottomup,2
afetada,2
republicanos,2
viabilizada,2
automatizada,2
acumula,2
hospedar,2
evitara,2
famosa,2
linkedin,2
atuado,2
fernandes,2
crivo,2
bolsas,2
percam,2
facilitando,2
movimentando,2
apoiem,2
adaptados,2
economy,2
imposicao,2
acuidade,2
difusas,2
ilicitas,2
interoperabilidade,2
removem,2
negada,2
certifica,2
nega,2
apontada,2
pagou,2
ocorrencia,2
retencao,2
rating,2
capturada,2
atestam,2
estipulam,2
variacoes,2
evidencia,2
compralo,2
apple,2
psd,2
financiada,2
operadora,2
exagerados,2
questionaveis,2
argumentam,2
wyburd,2
iminente,2
antidesmatamento,2
dividas,2
greentech,2
arrecadar,2
recebidas,2
realizando,2
isonomia,2
instala,2
obrigatoriamente,2
atribui,2
impactado,2
estipula,2
inviabilizar,2
seguirem,2
blumenau,2
deixada,2
observado,2
muller,2
exata,2
icroa,2
atestados,2
operada,2
improvavel,2
produzam,2
rigidez,2
causar,2
entusiasmo,2
entrado,2
norteamericanos,2
fracao,2
criterio,2
deixaria,2
covatti,2
aparecem,2
alcancado,2
sarkis,2
servirao,2
proativa,2
desvantagem,2
apelidado,2
sri,2
enquadram,2
aptas,2
loss,2
atribuida,2
certifique,2
compatibilize,2
fao,2
paineis,2
reunira,2
cercam,2
conivencia,2
questionavel,2
neves,2
podia,2
assessores,2
pesa,2
incerto,2
adiou,2
lucia,2
adiamento,2
mexicano,2
firmando,2
guardioes,2
prescritivo,2
suficientemente,2
decisivo,2
corre,2
solidez,2
detalhada,2
vasta,2
liberam,2
cobrindo,2
quiseram,2
criticados,2
concretamente,2
fogoes,2
existissem,2
haya,2
project,2
prometidas,2
barato,2
emiradense,2
ativismo,2
referem,2
provem,2
implementam,2
adotara,2
alcanca,2
reportar,2
indiretas,2
avancamos,2
oferecidos,2
criminosa,2
norteamericano,2
guarulhos,2
acougue,2
extraordinaria,2
tentamos,2
quao,2
viraram,2
irregularidade,2
classificadas,2
restricao,2
facilmente,2
tragico,2
ceticismo,2
superpotencia,2
trazem,2
assumidas,2
rolim,2
impressao,2
estipulados,2
omega,2
mw,2
pilar,2
avaliadas,2
divulgam,2
engatinhando,2
informaram,2
preferem,2
escoamento,2
instituiu,2
comentado,2
propriamente,2
coreia,2
alocacoes,2
gratuito,2
oneroso,2
compensada,2
fungibilidade,2
price,2
borrowing,2
vazamento,2
detalhadamente,2
trilhado,2
traga,2
conforto,2
operado,2
concentradas,2
agroambiental,2
ywata,2
dedicando,2
bomba,2
motor,2
baterias,2
privilegiada,2
repercussao,2
protagonistas,2
viabilizado,2
ipea,2
vicepresidencias,2
ticket,2
log,2
cuidara,2
neutraliza,2
recicla,2
agridam,2
mediado,2
permitiram,2
notou,2
superado,2
descartou,2
existiu,2
elogiou,2
imaginem,2
trouxermos,2
dobrariamos,2
resumiu,2
reiterou,2
provincia,2
quebec,2
posicionado,2
coalition,2
cumprido,2
fabricada,2
quantificacao,2
dizemos,2
suico,2
licoes,2
prioriza,2
eletrobras,2
framework,2
penso,2
imediatamente,2
vintage,2
preteridos,2
receberam,2
topico,2
localizacao,2
compostos,2
paisagismo,2
capim,2
relata,2
assets,2
esportes,2
entretenimento,2
tokenizar,2
olimpio,2
lotes,2
geradoras,2
instaladas,2
irec,2
big,2
four,2
encomenda,2
rende,2
cifras,2
sistemiq,2
mapeamos,2
antecipado,2
tomado,2
dirigente,2
mistos,2
agronegocios,2
australiano,2
transition,2
impulsiona,2
movimentado,2
drones,2
satelites,2
comercializadoras,2
bittencourt,2
clevel,2
intensificou,2
fusoes,2
minoritaria,2
absorveu,2
diario,2
private,2
cobrada,2
confirma,2
anda,2
verificadora,2
dobro,2
horror,2
teme,2
transforme,2
perca,2
bicho,2
quesito,2
polinizacao,2
van,2
ven,2
positive,2
perdem,2
puro,2
waack,2
fellow,2
diverso,2
controversia,2
exportado,2
subiram,2
foros,2
discutem,2
bp,2
gerenteexecutivo,2
quimico,2
despeito,2
eaesp,2
anunciando,2
fisicos,2
divulgaram,2
engie,2
exigente,2
belo,2
totalizam,2
tcoeq,2
timing,2
neutras,2
prover,2
inc,2
siderurgicas,2
montadoras,2
metal,2
holandes,2
empregados,2
caos,2
degradar,2
garantira,2
corresponderia,2
taskforce,2
scaling,2
tsvcm,2
destravamento,2
nestes,2
projetam,2
versus,2
restritos,2
pano,2
gabriella,2
dorlhiac,2
chamou,2
pecachave,2
bitributacao,2
alegou,2
latinoamericano,2
candidatura,2
ala,2
koronivia,2
cooperativos,2
estimada,2
meira,2
corporativos,2
auxiliem,2
parametrico,2
animal,2
continuem,2
reconhecem,2
expor,2
aceitem,2
continuos,2
surgido,2
integrity,2
aceitavel,2
notadamente,2
atendam,2
evitou,2
democratizando,2
novadax,2
criptografados,2
compartilhadas,2
camada,2
listado,2
fracionamento,2
chassi,2
alternativos,2
fidelidade,2
verdadeiros,2
definam,2
aptos,2
alinhadas,2
valoriza,2
disposto,2
gratuitas,2
leakage,2
alcancando,2
diretriz,2
atentos,2
fomentam,2
aprovados,2
variaram,2
escolhidos,2
tecnicogerencial,2
designado,2
karen,2
comites,2
assessoramento,2
consultivo,2
compartilhando,2
envolverem,2
amplia,2
leao,2
dedicada,2
umbelino,2
equivalencia,2
desvio,2
emergenciais,2
tragedias,2
extraida,2
fund,2
recebida,2
anticorrupcao,2
tratamos,2
incorporado,2
piscofins,2
intangivel,2
subproduto,2
conjuntos,2
gere,2
funbio,2
connect,2
ccd,2
reunidos,2
acentuado,2
elevacao,2
alarmantes,2
gp,2
autodromo,2
interlagos,2
lubrificante,2
coletados,2
trabalharam,2
dirimir,2
gerenciado,2
mensurado,2
provisao,2
assimetrias,2
accounting,2
combinando,2
apropriacao,2
preocupadas,2
intactos,2
deixarem,2
tipicos,2
inconsistencia,2
interrompido,2
informam,2
invasao,2
tona,2
ineditas,2
analisadas,2
sanches,2
atuava,2
minerva,2
neutralizou,2
proteinas,2
renuncia,2
essencialmente,2
frustradas,2
identifiquem,2
reportados,2
honestos,2
terminou,2
adversos,2
vulnerabilidade,2
arrojados,2
subsequente,2
extrema,2
custoefetivos,2
valiosos,2
estimulado,2
liga,2
vendedora,2
acres,2
tig,2
pensao,2
paisagens,2
sgs,2
esteira,2
ruggiero,2
sociofundador,2
caparelli,2
ocupar,2
ranking,2
biomateriais,2
guardar,2
cartilha,2
publicados,2
contenham,2
intensivo,2
vocacoes,2
geraria,2
convergir,2
strategy,2
uruguai,2
custoefetiva,2
ctc,2
complementares,2
deixam,2
removidas,2
localidade,2
trends,2
quebracabeca,2
monitora,2
coautor,2
fornecida,2
esponja,2
ptrn,2
gasodutos,2
reflexos,2
promissores,2
holofotes,2
destinos,2
defensivos,2
remoto,2
mdc,2
contribuiria,2
juliano,2
corredor,2
educacional,2
atraidos,2
fast,2
aparelhar,2
dinamarca,2
atuantes,2
agrofloresta,2
durou,2
joe,2
fechado,2
algoritmos,2
equacao,2
capacitalos,2
assinarem,2
comercializalos,2
removida,2
geolocalizado,2
consistem,2
palmeiras,2
whitelabel,2
impact,2
liquidez,2
contracts,2
patrimonial,2
demonstracao,2
dfc,2
fariam,2
operando,2
passadas,2
valida,2
surrectio,2
boafe,2
compensara,2
declaram,2
recorrente,2
publicar,2
consumir,2
amcham,2
sinteticos,2
filantropico,2
networking,2
existia,2
faturam,2
hectareano,2
colhe,2
lastreado,2
maritimo,2
escravo,2
vizinhas,2
incentivem,2
trabalhe,2
pesquisar,2
balcao,2
fornecendo,2
carencia,2
conceder,2
carolina,2
nomura,2
invasiva,2
suprimento,2
custar,2
acelerada,2
veicular,2
observadas,2
distinto,2
debaixo,2
sobretaxa,2
alavancagem,2
especiais,2
sinalizam,2
esquemas,2
acabando,2
front,2
afetado,2
andrade,2
assegura,2
gilberto,2
tomazoni,2
trivial,2
diariamente,2
voltara,2
impulsionando,2
agradecimento,2
cerimonia,2
ch,2
formam,2
avaliados,2
n,2
causados,2
desenfreado,2
colocou,2
cedulas,2
geolocalizacao,2
arauz,2
folego,2
promissoria,2
apresentando,2
mensais,2
giro,2
filtros,2
farinha,2
cedula,2
endividamento,2
unicos,2
emergencial,2
condicionando,2
chegada,2
registre,2
importa,2
tax,2
fixar,2
desacelerar,2
georreferenciamento,2
empregar,2
avenidas,2
comparativa,2
apropriadas,2
avenida,2
compartilham,2
aproveitem,2
priorizam,2
aes,2
gw,2
ba,2
bancas,2
tca,2
heineken,2
vermelha,2
municipais,2
exemplifica,2
movidas,2
conectas,2
foge,2
juridicamente,2
societarias,2
augusto,2
diligences,2
bianca,2
evidenciar,2
falsa,2
checagem,2
apresentarem,2
apensados,2
aliquotas,2
cofins,2
determinam,2
criarmos,2
reinjecao,2
abordaram,2
comentaram,2
pesquisada,2
crescentemente,2
autorregulado,2
metodologica,2
marginal,2
facility,2
pactuadas,2
repasse,2
j,2
estilo,2
diarias,2
consuma,2
genuina,2
ghg,2
protocol,2
bep,2
pix,2
crises,2
harmonia,2
aereas,2
incendio,2
ta,2
gap,2
crescentes,2
oferecia,2
comercializando,2
desenvolvemos,2
amplas,2
tracar,2
cegos,2
divide,2
tarifas,2
tonica,2
intensiva,2
migracao,2
longos,2
coerente,2
reorganizacao,2
macroeconomica,2
gostariamos,2
usava,2
rotina,2
deforestation,2
terminando,2
fundaram,2
cibc,2
smbc,2
societaria,2
scott,2
belen,2
desmatam,2
agroflorestal,2
firmou,2
basf,2
producoes,2
imperativo,2
multinacional,2
parceiras,2
biodiversidades,2
sozinhas,2
trabalhamos,2
renascimento,2
confirmando,2
testado,2
valioso,2
definitivo,2
credits,2
pontuais,2
duvidosa,2
correlacao,2
corretores,2
ortega,2
fundou,2
arrendamento,2
belterra,2
pronaf,2
alicercar,2
maravilhoso,2
fria,2
ecossistemicas,2
ipam,2
genese,2
recompensar,2
sonhos,2
explode,2
comunitarios,2
juventudes,2
gargalo,2
chamber,2
evidenciam,2
bordo,2
compense,2
calculadoras,2
informar,2
core,2
forneceu,2
irecs,2
vertiginoso,2
primarios,2
exigentes,2
t,2
conserva,2
plastino,2
reputacionais,2
identifica,2
calor,2
consolida,2
poligono,2
vetorial,2
inspirada,2
automaticamente,2
informados,2
envia,2
auditavel,2
susto,2
valiam,2
fumaca,2
vento,2
popa,2
cyrela,2
juliana,2
monzoni,2
desconforto,2
tensao,2
repassado,2
adequadamente,2
ensinar,2
reflexao,2
disputar,2
filiar,2
ipl,2
rigoroso,2
mackel,2
demandados,2
psol,2
mercantiliza,2
abrigar,2
coordenar,2
propositiva,2
pressionadas,2
andando,2
ancora,2
politicamente,2
altissimo,2
cordaro,2
lyra,2
mineiro,2
coocafe,2
refletirem,2
assinaturas,2
ratificacao,2
buscarem,2
administradora,2
escrituracao,2
espectroscopia,2
avaria,2
induzida,2
marte,2
sensores,2
debora,2
milori,2
agrofotonica,2
lanaf,2
dispensa,2
pulsos,2
microplasma,2
textura,2
densidade,2
ph,2
micronutrientes,2
angelis,2
reagentes,2
estimam,2
algodao,2
vinculara,2
mapas,2
personalizados,2
vcu,2
ciclos,2
injustica,2
sustainabilitylinked,2
reutilizacao,2
triagem,2
reciclar,2
limpeza,2
improdutivas,2
engenheiros,2
comumente,2
jornais,2
desenvolvam,2
fabricas,2
lentos,2
agrosmart,2
conveniencia,2
trove,2
oiticica,2
cohead,2
artesanal,2
amplitude,2
incomum,2
thomson,2
paraguai,2
tange,2
escazu,2
adotasse,2
editar,2
domesticas,2
latinos,2
state,2
exportadoras,2
capture,2
diferenciados,2
engajada,2
fortunas,2
fermentacao,2
rochas,2
encaminha,2
orsted,2
usara,2
dimarino,2
controladora,2
codigos,2
implementalos,2
atraentes,2
interconectado,2
kunmingmontreal,2
concretizar,2
achei,2
extraordinarios,2
acionista,2
desmata,2
veto,2
bryan,2
lbca,2
stump,2
outorga,2
constituir,2
inserido,2
compensatorios,2
legislatura,2
securitizacao,2
creditorios,2
dialogue,2
anater,2
fertilizante,2
karma,2
bezero,2
inteiros,2
profissionalizacao,2
vendramini,2
exigiria,2
pontas,2
constituido,2
entregou,2
pico,2
padrinho,2
sumauma,2
ribeirao,2
preto,2
sabia,2
corretora,2
biologico,2
inserindo,2
construtora,2
leves,2
licitacoes,2
prevervacao,2
mundi,2
denominados,2
alessandra,2
planto,2
avocado,2
frutas,2
sintonia,2
causando,2
desviar,2
mapeados,2
wwf,2
sigam,2
cim,2
funcionara,2
escolher,2
inadimplente,2
gavea,2
vert,2
negras,2
filmagem,2
aruanas,2
levamos,2
roteiro,2
lobo,2
fuel,2
abatidas,2
atribuir,2
adicionar,2
reinjetou,2
corrosividade,2
petroleira,2
enfrentando,2
capturarmos,2
precisaram,2
continuamos,2
icp,2
comerc,2
recentes,2
comprovada,2
terrestres,2
destinando,2
acessorias,2
ganhaganha,2
decidira,2
relatorias,2
incorporadas,2
credenciar,2
senai,2
inmetro,2
afinados,2
consensuados,2
consensual,2
finep,2
gaspar,2
dialoguem,2
ibp,2
alocaram,2
ingenua,2
isento,2
hidrocarbonetos,2
reuniram,2
famosos,2
incorporados,2
longas,2
submissao,2
centralizado,2
escrito,2
gostariam,2
experimentacao,2
esperadas,2
nea,2
wri,2
resende,2
materializar,2
atribuidas,2
ressalva,2
adicionado,2
apetite,2
martelo,2
desdobra,2
virtuosa,2
custodia,2
refinaria,2
bernardes,2
rpbc,2
querosene,2
destinada,2
residual,2
iis,2
equity,2
extensiva,2
maoobra,2
folhas,2
breakeven,2
citar,2
empiricamente,2
balancear,2
integros,2
formada,2
enfatizar,2
deter,2
metropolitana,2
tir,2
iv,2
debt,2
excecoes,2
envolverao,2
desburocratiza,2
escassez,2
garo,2
autorizados,2
manufatura,2
concentrar,2
caras,2
offices,2
londono,2
stefanelo,2
lab,2
land,2
aumentam,2
nathalia,2
weber,2
geologico,2
prestes,2
raphael,2
sinopec,2
agrisolutions,2
suprimentos,2
poco,2
nunes,2
abud,2
aguardada,2
conselhao,2
estudam,2
ideologia,2
motiva,2
ecobank,2
locacao,2
smartie,2
avaliacoes,2
elenca,2
testar,2
amigaveis,2
remanufatura,2
criptoeconomia,2
utility,2
plus,2
eletromobilidade,2
bacelar,2
pvba,2
altomar,2
parada,2
colher,2
esclarecer,2
posicionada,2
ppps,2
vertente,2
cerne,2
beneficiados,2
comemora,2
intelligence,2
consigam,2
comparar,2
modulos,2
rodando,2
normatizacao,2
competitivamente,2
kariya,2
racy,2
movel,2
monaco,2
antecede,2
sema,2
assertiva,2
embargo,2
registraram,2
desflorestamento,2
plantou,2
figueiroa,2
pratico,2
maduras,2
levara,2
moore,2
br,2
acelera,2
diretoraexecutiva,2
town,2
contratada,2
devolutas,2
lgfp,2
enviados,2
sustentam,2
qualificar,2
gasto,2
regularidade,2
piscicultura,2
termicas,2
pesam,2
controverso,2
reduzirao,2
desmontagem,2
minirreforma,2
cotado,2
pressionado,2
apresentasse,2
bastidores,2
petroleum,2
organicos,2
sports,2
opinion,2
stablecoin,2
cntl,2
api,2
fintechs,2
corretoras,2
gdn,2
holding,2
hamon,2
modal,2
protegera,2
impondo,2
book,2
claim,2
aproprie,2
reivindica,2
aerea,2
acatou,2
aprovalo,2
auxiliou,2
destacada,2
u,2
alunos,2
campbell,2
filipe,2
direcionamento,2
cimenteiras,2
empecilhos,2
assis,2
negocia,2
enquadrar,2
decidida,2
gerarao,2
pesquisadorsenior,2
desoneracao,2
mesurar,2
irradiados,2
fundadora,2
explicito,2
induzir,2
pppr,2
aula,2
cunha,2
buscarmos,2
ecoinovacao,2
entericas,2
abate,2
bovino,2
andar,2
crowdfunding,2
admitidos,2
zequinha,2
podemospa,2
mdbpr,2
vetar,2
penduricalhos,2
defendo,2
inocas,2
tcu,2
dantas,2
destinatarios,2
contornos,2
suspensao,2
brammer,2
ganharam,2
exceder,2
enfrentadas,2
lupion,2
palau,2
significam,2
necessitar,2
economiasociedademeio,2
triple,2
bottom,2
line,2
redistributivo,2
intervem,2
boston,2
consulting,2
dimensiona,2
magnifica,2
proesg,2
multiculturalidade,2
compreende,2
absorve,2
pdi,2
adubos,2
icl,2
mwh,2
herzer,2
cbsi,2
curitiba,2
cdru,2
coque,2
